2026-07-16 08:41:22.152 [restartedMain] INFO  project_backend.BackendApplication - Starting BackendApplication using Java 17.0.18 with PID 16552 (D:\HOC_LAP_TRINH\Qivora\Backend\build\classes\java\main started by HUY HOAN in D:\HOC_LAP_TRINH\Qivora\Backend)
2026-07-16 08:41:22.157 [restartedMain] INFO  project_backend.BackendApplication - No active profile set, falling back to 1 default profile: "default"
2026-07-16 08:41:34.165 [restartedMain] INFO  com.zaxxer.hikari.HikariDataSource - HikariPool-1 - Starting...
2026-07-16 08:41:34.658 [restartedMain] INFO  com.zaxxer.hikari.pool.HikariPool - HikariPool-1 - Added connection org.postgresql.jdbc.PgConnection@4fc065e4
2026-07-16 08:41:34.665 [restartedMain] INFO  com.zaxxer.hikari.HikariDataSource - HikariPool-1 - Start completed.
2026-07-16 08:41:47.150 [restartedMain] INFO  project_backend.BackendApplication - Started BackendApplication in 25.948 seconds (process running for 27.045)
2026-07-16 08:42:05.929 [http-nio-8080-exec-2] INFO  project_backend.aspect.AppAspect - User: anonymousUser | Chức năng: login() | Thời gian thực hiện: 1324 ms
2026-07-16 08:42:07.407 [http-nio-8080-exec-1] INFO  project_backend.aspect.AppAspect - User: Anonymous | Chức năng: isCheckBlacklist() | Thời gian thực hiện: 1179 ms
2026-07-16 08:42:07.407 [http-nio-8080-exec-6] INFO  project_backend.aspect.AppAspect - User: Anonymous | Chức năng: isCheckBlacklist() | Thời gian thực hiện: 1179 ms
2026-07-16 08:42:07.482 [http-nio-8080-exec-1] INFO  project_backend.aspect.AppAspect - User: huyhoan13032006 | Chức năng: getCurrentUser() | Thời gian thực hiện: 8 ms
2026-07-16 08:42:07.499 [http-nio-8080-exec-4] INFO  project_backend.aspect.AppAspect - User: Anonymous | Chức năng: isCheckBlacklist() | Thời gian thực hiện: 2 ms
2026-07-16 08:42:07.515 [http-nio-8080-exec-5] INFO  project_backend.aspect.AppAspect - User: Anonymous | Chức năng: isCheckBlacklist() | Thời gian thực hiện: 2 ms
2026-07-16 08:42:07.520 [http-nio-8080-exec-4] INFO  project_backend.aspect.AppAspect - User: huyhoan13032006 | Chức năng: getCurrentUser() | Thời gian thực hiện: 8 ms
2026-07-16 08:42:11.389 [http-nio-8080-exec-9] INFO  project_backend.aspect.AppAspect - User: Anonymous | Chức năng: isCheckBlacklist() | Thời gian thực hiện: 0 ms
2026-07-16 08:42:11.409 [http-nio-8080-exec-9] INFO  project_backend.aspect.AppAspect - User: huyhoan13032006 | Chức năng: getCurrentUser() | Thời gian thực hiện: 5 ms
2026-07-16 08:42:11.414 [http-nio-8080-exec-7] INFO  project_backend.aspect.AppAspect - User: Anonymous | Chức năng: isCheckBlacklist() | Thời gian thực hiện: 0 ms
2026-07-16 08:42:11.425 [http-nio-8080-exec-7] INFO  project_backend.aspect.AppAspect - User: huyhoan13032006 | Chức năng: getCurrentUser() | Thời gian thực hiện: 0 ms
2026-07-16 08:42:47.216 [http-nio-8080-exec-3] INFO  project_backend.aspect.AppAspect - User: Anonymous | Chức năng: isCheckBlacklist() | Thời gian thực hiện: 2 ms
2026-07-16 08:42:47.225 [http-nio-8080-exec-3] INFO  project_backend.aspect.AppAspect - User: huyhoan13032006 | Chức năng: getCurrentUser() | Thời gian thực hiện: 0 ms
2026-07-16 08:42:47.225 [http-nio-8080-exec-8] INFO  project_backend.aspect.AppAspect - User: Anonymous | Chức năng: isCheckBlacklist() | Thời gian thực hiện: 0 ms
2026-07-16 08:42:47.248 [http-nio-8080-exec-8] INFO  project_backend.aspect.AppAspect - User: huyhoan13032006 | Chức năng: getCurrentUser() | Thời gian thực hiện: 7 ms
2026-07-16 08:43:24.809 [http-nio-8080-exec-10] INFO  project_backend.aspect.AppAspect - User: Anonymous | Chức năng: isCheckBlacklist() | Thời gian thực hiện: 1 ms
2026-07-16 08:43:25.104 [http-nio-8080-exec-10] INFO  project_backend.aspect.AppAspect - User: huyhoan13032006 | Chức năng: createManualQuiz() | Thời gian thực hiện: 127 ms
2026-07-16 08:43:35.994 [http-nio-8080-exec-2] INFO  project_backend.aspect.AppAspect - User: Anonymous | Chức năng: isCheckBlacklist() | Thời gian thực hiện: 1 ms
2026-07-16 08:43:36.012 [http-nio-8080-exec-2] INFO  project_backend.aspect.AppAspect - User: huyhoan13032006 | Chức năng: getCurrentUser() | Thời gian thực hiện: 5 ms
2026-07-16 08:43:36.018 [http-nio-8080-exec-1] INFO  project_backend.aspect.AppAspect - User: Anonymous | Chức năng: isCheckBlacklist() | Thời gian thực hiện: 0 ms
2026-07-16 08:43:36.030 [http-nio-8080-exec-1] INFO  project_backend.aspect.AppAspect - User: huyhoan13032006 | Chức năng: getCurrentUser() | Thời gian thực hiện: 3 ms
2026-07-16 08:43:37.738 [http-nio-8080-exec-6] INFO  project_backend.aspect.AppAspect - User: Anonymous | Chức năng: isCheckBlacklist() | Thời gian thực hiện: 2 ms
2026-07-16 08:43:37.746 [http-nio-8080-exec-6] INFO  project_backend.aspect.AppAspect - User: huyhoan13032006 | Chức năng: getCurrentUser() | Thời gian thực hiện: 0 ms
2026-07-16 08:43:37.746 [http-nio-8080-exec-4] INFO  project_backend.aspect.AppAspect - User: Anonymous | Chức năng: isCheckBlacklist() | Thời gian thực hiện: 0 ms
2026-07-16 08:43:37.773 [http-nio-8080-exec-4] INFO  project_backend.aspect.AppAspect - User: huyhoan13032006 | Chức năng: getCurrentUser() | Thời gian thực hiện: 1 ms
2026-07-16 08:46:39.592 [http-nio-8080-exec-5] INFO  project_backend.aspect.AppAspect - User: Anonymous | Chức năng: isCheckBlacklist() | Thời gian thực hiện: 4 ms
2026-07-16 08:46:39.615 [http-nio-8080-exec-5] INFO  project_backend.aspect.AppAspect - User: huyhoan13032006 | Chức năng: getCurrentUser() | Thời gian thực hiện: 8 ms
2026-07-16 08:47:36.897 [http-nio-8080-exec-9] INFO  project_backend.aspect.AppAspect - User: Anonymous | Chức năng: isCheckBlacklist() | Thời gian thực hiện: 0 ms
2026-07-16 08:47:36.915 [http-nio-8080-exec-9] INFO  project_backend.aspect.AppAspect - User: huyhoan13032006 | Chức năng: getCurrentUser() | Thời gian thực hiện: 4 ms
2026-07-16 08:47:36.925 [http-nio-8080-exec-7] INFO  project_backend.aspect.AppAspect - User: Anonymous | Chức năng: isCheckBlacklist() | Thời gian thực hiện: 0 ms
2026-07-16 08:47:36.934 [http-nio-8080-exec-7] INFO  project_backend.aspect.AppAspect - User: huyhoan13032006 | Chức năng: getCurrentUser() | Thời gian thực hiện: 5 ms
2026-07-16 08:47:39.579 [http-nio-8080-exec-3] INFO  project_backend.aspect.AppAspect - User: Anonymous | Chức năng: isCheckBlacklist() | Thời gian thực hiện: 2 ms
2026-07-16 08:47:39.587 [http-nio-8080-exec-3] INFO  project_backend.aspect.AppAspect - User: huyhoan13032006 | Chức năng: getCurrentUser() | Thời gian thực hiện: 0 ms
2026-07-16 08:47:39.597 [http-nio-8080-exec-8] INFO  project_backend.aspect.AppAspect - User: Anonymous | Chức năng: isCheckBlacklist() | Thời gian thực hiện: 1 ms
2026-07-16 08:47:39.601 [http-nio-8080-exec-8] INFO  project_backend.aspect.AppAspect - User: huyhoan13032006 | Chức năng: getCurrentUser() | Thời gian thực hiện: 0 ms
2026-07-16 08:47:40.884 [http-nio-8080-exec-10] INFO  project_backend.aspect.AppAspect - User: Anonymous | Chức năng: isCheckBlacklist() | Thời gian thực hiện: 1 ms
2026-07-16 08:47:40.901 [http-nio-8080-exec-10] INFO  project_backend.aspect.AppAspect - User: huyhoan13032006 | Chức năng: getCurrentUser() | Thời gian thực hiện: 7 ms
2026-07-16 08:47:40.909 [http-nio-8080-exec-2] INFO  project_backend.aspect.AppAspect - User: Anonymous | Chức năng: isCheckBlacklist() | Thời gian thực hiện: 0 ms
2026-07-16 08:47:40.909 [http-nio-8080-exec-2] INFO  project_backend.aspect.AppAspect - User: huyhoan13032006 | Chức năng: getCurrentUser() | Thời gian thực hiện: 0 ms
2026-07-16 08:48:12.613 [http-nio-8080-exec-1] INFO  project_backend.aspect.AppAspect - User: Anonymous | Chức năng: isCheckBlacklist() | Thời gian thực hiện: 1 ms
2026-07-16 08:48:12.722 [http-nio-8080-exec-1] INFO  project_backend.aspect.AppAspect - User: huyhoan13032006 | Chức năng: createManualQuiz() | Thời gian thực hiện: 61 ms
2026-07-16 08:48:14.566 [http-nio-8080-exec-6] INFO  project_backend.aspect.AppAspect - User: Anonymous | Chức năng: isCheckBlacklist() | Thời gian thực hiện: 9 ms
2026-07-16 08:48:14.580 [http-nio-8080-exec-6] INFO  project_backend.aspect.AppAspect - User: huyhoan13032006 | Chức năng: getCurrentUser() | Thời gian thực hiện: 2 ms
2026-07-16 08:48:14.580 [http-nio-8080-exec-4] INFO  project_backend.aspect.AppAspect - User: Anonymous | Chức năng: isCheckBlacklist() | Thời gian thực hiện: 0 ms
2026-07-16 08:48:14.597 [http-nio-8080-exec-4] INFO  project_backend.aspect.AppAspect - User: huyhoan13032006 | Chức năng: getCurrentUser() | Thời gian thực hiện: 4 ms
2026-07-16 08:48:15.354 [http-nio-8080-exec-5] INFO  project_backend.aspect.AppAspect - User: Anonymous | Chức năng: isCheckBlacklist() | Thời gian thực hiện: 2 ms
2026-07-16 08:48:15.364 [http-nio-8080-exec-5] INFO  project_backend.aspect.AppAspect - User: huyhoan13032006 | Chức năng: getCurrentUser() | Thời gian thực hiện: 0 ms
2026-07-16 08:48:15.385 [http-nio-8080-exec-9] INFO  project_backend.aspect.AppAspect - User: Anonymous | Chức năng: isCheckBlacklist() | Thời gian thực hiện: 2 ms
2026-07-16 08:48:15.385 [http-nio-8080-exec-9] INFO  project_backend.aspect.AppAspect - User: huyhoan13032006 | Chức năng: getCurrentUser() | Thời gian thực hiện: 0 ms
2026-07-16 08:48:16.745 [http-nio-8080-exec-7] INFO  project_backend.aspect.AppAspect - User: Anonymous | Chức năng: isCheckBlacklist() | Thời gian thực hiện: 3 ms
2026-07-16 08:48:16.757 [http-nio-8080-exec-7] INFO  project_backend.aspect.AppAspect - User: huyhoan13032006 | Chức năng: getCurrentUser() | Thời gian thực hiện: 1 ms
2026-07-16 08:48:16.775 [http-nio-8080-exec-3] INFO  project_backend.aspect.AppAspect - User: Anonymous | Chức năng: isCheckBlacklist() | Thời gian thực hiện: 4 ms
2026-07-16 08:48:16.800 [http-nio-8080-exec-3] INFO  project_backend.aspect.AppAspect - User: huyhoan13032006 | Chức năng: getCurrentUser() | Thời gian thực hiện: 13 ms
2026-07-16 08:51:35.989 [SpringApplicationShutdownHook] INFO  com.zaxxer.hikari.HikariDataSource - HikariPool-1 - Shutdown initiated...
2026-07-16 08:51:35.997 [SpringApplicationShutdownHook] INFO  com.zaxxer.hikari.HikariDataSource - HikariPool-1 - Shutdown completed.
2026-07-16 09:15:58.706 [restartedMain] INFO  project_backend.BackendApplication - Starting BackendApplication using Java 17.0.18 with PID 25944 (D:\HOC_LAP_TRINH\Qivora\Backend\build\classes\java\main started by HUY HOAN in D:\HOC_LAP_TRINH\Qivora\Backend)
2026-07-16 09:15:58.706 [restartedMain] INFO  project_backend.BackendApplication - No active profile set, falling back to 1 default profile: "default"
2026-07-16 09:16:01.269 [restartedMain] INFO  com.zaxxer.hikari.HikariDataSource - HikariPool-1 - Starting...
2026-07-16 09:16:01.445 [restartedMain] INFO  com.zaxxer.hikari.pool.HikariPool - HikariPool-1 - Added connection org.postgresql.jdbc.PgConnection@4dea7b67
2026-07-16 09:16:01.446 [restartedMain] INFO  com.zaxxer.hikari.HikariDataSource - HikariPool-1 - Start completed.
2026-07-16 09:16:05.499 [restartedMain] INFO  project_backend.BackendApplication - Started BackendApplication in 7.268 seconds (process running for 8.079)
2026-07-16 09:16:38.982 [http-nio-8080-exec-1] INFO  project_backend.aspect.AppAspect - User: anonymousUser | Chức năng: login() | Thời gian thực hiện: 1395 ms
2026-07-16 09:16:40.476 [http-nio-8080-exec-6] INFO  project_backend.aspect.AppAspect - User: Anonymous | Chức năng: isCheckBlacklist() | Thời gian thực hiện: 1224 ms
2026-07-16 09:16:40.476 [http-nio-8080-exec-2] INFO  project_backend.aspect.AppAspect - User: Anonymous | Chức năng: isCheckBlacklist() | Thời gian thực hiện: 1227 ms
2026-07-16 09:16:40.556 [http-nio-8080-exec-2] INFO  project_backend.aspect.AppAspect - User: huyhoan13032006 | Chức năng: getCurrentUser() | Thời gian thực hiện: 5 ms
2026-07-16 09:16:40.573 [http-nio-8080-exec-8] INFO  project_backend.aspect.AppAspect - User: Anonymous | Chức năng: isCheckBlacklist() | Thời gian thực hiện: 1 ms
2026-07-16 09:16:40.573 [http-nio-8080-exec-5] INFO  project_backend.aspect.AppAspect - User: Anonymous | Chức năng: isCheckBlacklist() | Thời gian thực hiện: 3 ms
2026-07-16 09:16:40.588 [http-nio-8080-exec-5] INFO  project_backend.aspect.AppAspect - User: huyhoan13032006 | Chức năng: getCurrentUser() | Thời gian thực hiện: 5 ms
2026-07-16 09:16:42.229 [http-nio-8080-exec-3] INFO  project_backend.aspect.AppAspect - User: Anonymous | Chức năng: isCheckBlacklist() | Thời gian thực hiện: 2 ms
2026-07-16 09:16:42.241 [http-nio-8080-exec-3] INFO  project_backend.aspect.AppAspect - User: huyhoan13032006 | Chức năng: getCurrentUser() | Thời gian thực hiện: 4 ms
2026-07-16 09:16:42.246 [http-nio-8080-exec-7] INFO  project_backend.aspect.AppAspect - User: Anonymous | Chức năng: isCheckBlacklist() | Thời gian thực hiện: 0 ms
2026-07-16 09:16:42.253 [http-nio-8080-exec-7] INFO  project_backend.aspect.AppAspect - User: huyhoan13032006 | Chức năng: getCurrentUser() | Thời gian thực hiện: 0 ms
2026-07-16 09:17:18.346 [http-nio-8080-exec-4] INFO  project_backend.aspect.AppAspect - User: Anonymous | Chức năng: isCheckBlacklist() | Thời gian thực hiện: 2 ms
2026-07-16 09:17:40.995 [http-nio-8080-exec-10] INFO  project_backend.aspect.AppAspect - User: Anonymous | Chức năng: isCheckBlacklist() | Thời gian thực hiện: 2 ms
2026-07-16 09:17:41.017 [http-nio-8080-exec-10] INFO  project_backend.aspect.AppAspect - User: huyhoan13032006 | Chức năng: getCurrentUser() | Thời gian thực hiện: 7 ms
2026-07-16 09:17:41.034 [http-nio-8080-exec-9] INFO  project_backend.aspect.AppAspect - User: Anonymous | Chức năng: isCheckBlacklist() | Thời gian thực hiện: 7 ms
2026-07-16 09:17:41.042 [http-nio-8080-exec-9] INFO  project_backend.aspect.AppAspect - User: huyhoan13032006 | Chức năng: getCurrentUser() | Thời gian thực hiện: 0 ms
2026-07-16 09:18:03.602 [http-nio-8080-exec-1] INFO  project_backend.aspect.AppAspect - User: Anonymous | Chức năng: isCheckBlacklist() | Thời gian thực hiện: 2 ms
2026-07-16 09:18:03.961 [http-nio-8080-exec-1] INFO  project_backend.aspect.AppAspect - User: huyhoan13032006 | Chức năng: createManualQuiz() | Thời gian thực hiện: 221 ms
2026-07-16 09:18:11.301 [http-nio-8080-exec-6] INFO  project_backend.aspect.AppAspect - User: Anonymous | Chức năng: isCheckBlacklist() | Thời gian thực hiện: 1 ms
2026-07-16 09:18:11.320 [http-nio-8080-exec-6] INFO  project_backend.aspect.AppAspect - User: huyhoan13032006 | Chức năng: getCurrentUser() | Thời gian thực hiện: 8 ms
2026-07-16 09:18:11.325 [http-nio-8080-exec-2] INFO  project_backend.aspect.AppAspect - User: Anonymous | Chức năng: isCheckBlacklist() | Thời gian thực hiện: 0 ms
2026-07-16 09:18:11.344 [http-nio-8080-exec-2] INFO  project_backend.aspect.AppAspect - User: huyhoan13032006 | Chức năng: getCurrentUser() | Thời gian thực hiện: 7 ms
2026-07-16 09:18:13.309 [http-nio-8080-exec-8] INFO  project_backend.aspect.AppAspect - User: Anonymous | Chức năng: isCheckBlacklist() | Thời gian thực hiện: 1 ms
2026-07-16 09:18:13.420 [http-nio-8080-exec-8] INFO  project_backend.aspect.AppAspect - User: huyhoan13032006 | Chức năng: findQuizSummaryByCode() | Thời gian thực hiện: 90 ms
2026-07-16 09:18:13.437 [http-nio-8080-exec-5] INFO  project_backend.aspect.AppAspect - User: Anonymous | Chức năng: isCheckBlacklist() | Thời gian thực hiện: 2 ms
2026-07-16 09:18:13.437 [http-nio-8080-exec-3] INFO  project_backend.aspect.AppAspect - User: Anonymous | Chức năng: isCheckBlacklist() | Thời gian thực hiện: 0 ms
2026-07-16 09:18:13.465 [http-nio-8080-exec-5] INFO  project_backend.aspect.AppAspect - User: huyhoan13032006 | Chức năng: findQuizSummaryByCode() | Thời gian thực hiện: 23 ms
2026-07-16 09:18:13.502 [http-nio-8080-exec-3] INFO  project_backend.aspect.AppAspect - User: huyhoan13032006 | Chức năng: startQuizByCode() | Thời gian thực hiện: 51 ms
2026-07-16 09:18:33.406 [http-nio-8080-exec-7] INFO  project_backend.aspect.AppAspect - User: Anonymous | Chức năng: isCheckBlacklist() | Thời gian thực hiện: 2 ms
2026-07-16 09:18:33.636 [http-nio-8080-exec-7] INFO  project_backend.aspect.AppAspect - User: huyhoan13032006 | Chức năng: submitQuiz() | Thời gian thực hiện: 205 ms
2026-07-16 09:19:17.975 [http-nio-8080-exec-4] INFO  project_backend.aspect.AppAspect - User: Anonymous | Chức năng: isCheckBlacklist() | Thời gian thực hiện: 2 ms
2026-07-16 09:19:17.987 [http-nio-8080-exec-4] INFO  project_backend.aspect.AppAspect - User: huyhoan13032006 | Chức năng: getCurrentUser() | Thời gian thực hiện: 3 ms
2026-07-16 09:19:17.993 [http-nio-8080-exec-10] INFO  project_backend.aspect.AppAspect - User: Anonymous | Chức năng: isCheckBlacklist() | Thời gian thực hiện: 0 ms
2026-07-16 09:19:17.999 [http-nio-8080-exec-10] INFO  project_backend.aspect.AppAspect - User: huyhoan13032006 | Chức năng: getCurrentUser() | Thời gian thực hiện: 0 ms
2026-07-16 09:19:18.827 [http-nio-8080-exec-9] INFO  project_backend.aspect.AppAspect - User: Anonymous | Chức năng: isCheckBlacklist() | Thời gian thực hiện: 2 ms
2026-07-16 09:19:18.847 [http-nio-8080-exec-9] INFO  project_backend.aspect.AppAspect - User: huyhoan13032006 | Chức năng: getCurrentUser() | Thời gian thực hiện: 6 ms
2026-07-16 09:19:18.848 [http-nio-8080-exec-1] INFO  project_backend.aspect.AppAspect - User: Anonymous | Chức năng: isCheckBlacklist() | Thời gian thực hiện: 0 ms
2026-07-16 09:19:18.863 [http-nio-8080-exec-1] INFO  project_backend.aspect.AppAspect - User: huyhoan13032006 | Chức năng: getCurrentUser() | Thời gian thực hiện: 2 ms
2026-07-16 09:19:36.144 [http-nio-8080-exec-2] INFO  project_backend.aspect.AppAspect - User: Anonymous | Chức năng: isCheckBlacklist() | Thời gian thực hiện: 1 ms
2026-07-16 09:19:36.146 [http-nio-8080-exec-6] INFO  project_backend.aspect.AppAspect - User: Anonymous | Chức năng: isCheckBlacklist() | Thời gian thực hiện: 3 ms
2026-07-16 09:19:36.153 [http-nio-8080-exec-6] INFO  project_backend.aspect.AppAspect - User: huyhoan13032006 | Chức năng: getCurrentUser() | Thời gian thực hiện: 0 ms
2026-07-16 09:19:36.185 [http-nio-8080-exec-8] INFO  project_backend.aspect.AppAspect - User: Anonymous | Chức năng: isCheckBlacklist() | Thời gian thực hiện: 1 ms
2026-07-16 09:19:36.195 [http-nio-8080-exec-5] INFO  project_backend.aspect.AppAspect - User: Anonymous | Chức năng: isCheckBlacklist() | Thời gian thực hiện: 4 ms
2026-07-16 09:19:36.205 [http-nio-8080-exec-8] INFO  project_backend.aspect.AppAspect - User: huyhoan13032006 | Chức năng: getCurrentUser() | Thời gian thực hiện: 5 ms
2026-07-16 09:19:38.665 [http-nio-8080-exec-3] INFO  project_backend.aspect.AppAspect - User: Anonymous | Chức năng: isCheckBlacklist() | Thời gian thực hiện: 4 ms
2026-07-16 09:19:38.678 [http-nio-8080-exec-3] INFO  project_backend.aspect.AppAspect - User: huyhoan13032006 | Chức năng: getCurrentUser() | Thời gian thực hiện: 6 ms
2026-07-16 09:19:38.692 [http-nio-8080-exec-7] INFO  project_backend.aspect.AppAspect - User: Anonymous | Chức năng: isCheckBlacklist() | Thời gian thực hiện: 2 ms
2026-07-16 09:19:38.692 [http-nio-8080-exec-7] INFO  project_backend.aspect.AppAspect - User: huyhoan13032006 | Chức năng: getCurrentUser() | Thời gian thực hiện: 0 ms
2026-07-16 09:20:05.163 [http-nio-8080-exec-4] INFO  project_backend.aspect.AppAspect - User: Anonymous | Chức năng: isCheckBlacklist() | Thời gian thực hiện: 1 ms
2026-07-16 09:20:05.175 [http-nio-8080-exec-4] INFO  project_backend.aspect.AppAspect - User: huyhoan13032006 | Chức năng: getCurrentUser() | Thời gian thực hiện: 2 ms
2026-07-16 09:20:05.186 [http-nio-8080-exec-10] INFO  project_backend.aspect.AppAspect - User: Anonymous | Chức năng: isCheckBlacklist() | Thời gian thực hiện: 1 ms
2026-07-16 09:20:05.188 [http-nio-8080-exec-10] INFO  project_backend.aspect.AppAspect - User: huyhoan13032006 | Chức năng: getCurrentUser() | Thời gian thực hiện: 0 ms
2026-07-16 09:20:19.923 [http-nio-8080-exec-9] INFO  project_backend.aspect.AppAspect - User: Anonymous | Chức năng: isCheckBlacklist() | Thời gian thực hiện: 0 ms
2026-07-16 09:20:19.923 [http-nio-8080-exec-9] INFO  project_backend.aspect.AppAspect - User: huyhoan13032006 | Chức năng: getCurrentUser() | Thời gian thực hiện: 0 ms
2026-07-16 09:20:19.938 [http-nio-8080-exec-1] INFO  project_backend.aspect.AppAspect - User: Anonymous | Chức năng: isCheckBlacklist() | Thời gian thực hiện: 0 ms
2026-07-16 09:20:19.960 [http-nio-8080-exec-1] INFO  project_backend.aspect.AppAspect - User: huyhoan13032006 | Chức năng: getCurrentUser() | Thời gian thực hiện: 5 ms
2026-07-16 09:21:13.506 [http-nio-8080-exec-6] INFO  project_backend.aspect.AppAspect - User: Anonymous | Chức năng: isCheckBlacklist() | Thời gian thực hiện: 1 ms
2026-07-16 09:21:13.520 [http-nio-8080-exec-6] INFO  project_backend.aspect.AppAspect - User: huyhoan13032006 | Chức năng: getCurrentUser() | Thời gian thực hiện: 3 ms
2026-07-16 09:21:13.528 [http-nio-8080-exec-2] INFO  project_backend.aspect.AppAspect - User: Anonymous | Chức năng: isCheckBlacklist() | Thời gian thực hiện: 0 ms
2026-07-16 09:21:13.528 [http-nio-8080-exec-2] INFO  project_backend.aspect.AppAspect - User: huyhoan13032006 | Chức năng: getCurrentUser() | Thời gian thực hiện: 0 ms
2026-07-16 09:21:47.043 [SpringApplicationShutdownHook] INFO  com.zaxxer.hikari.HikariDataSource - HikariPool-1 - Shutdown initiated...
2026-07-16 09:21:47.043 [SpringApplicationShutdownHook] INFO  com.zaxxer.hikari.HikariDataSource - HikariPool-1 - Shutdown completed.
2026-07-16 09:33:29.180 [restartedMain] INFO  project_backend.BackendApplication - Starting BackendApplication using Java 17.0.18 with PID 10704 (D:\HOC_LAP_TRINH\Qivora\Backend\build\classes\java\main started by HUY HOAN in D:\HOC_LAP_TRINH\Qivora\Backend)
2026-07-16 09:33:29.185 [restartedMain] INFO  project_backend.BackendApplication - No active profile set, falling back to 1 default profile: "default"
2026-07-16 09:33:32.235 [restartedMain] INFO  com.zaxxer.hikari.HikariDataSource - HikariPool-1 - Starting...
2026-07-16 09:33:32.407 [restartedMain] INFO  com.zaxxer.hikari.pool.HikariPool - HikariPool-1 - Added connection org.postgresql.jdbc.PgConnection@7e3aeeed
2026-07-16 09:33:32.409 [restartedMain] INFO  com.zaxxer.hikari.HikariDataSource - HikariPool-1 - Start completed.
2026-07-16 09:33:43.084 [restartedMain] INFO  project_backend.BackendApplication - Started BackendApplication in 14.343 seconds (process running for 15.019)
2026-07-16 09:33:47.476 [http-nio-8080-exec-1] INFO  project_backend.aspect.AppAspect - User: anonymousUser | Chức năng: login() | Thời gian thực hiện: 1431 ms
2026-07-16 09:33:48.889 [http-nio-8080-exec-3] INFO  project_backend.aspect.AppAspect - User: Anonymous | Chức năng: isCheckBlacklist() | Thời gian thực hiện: 1151 ms
2026-07-16 09:33:48.889 [http-nio-8080-exec-2] INFO  project_backend.aspect.AppAspect - User: Anonymous | Chức năng: isCheckBlacklist() | Thời gian thực hiện: 1157 ms
2026-07-16 09:33:48.961 [http-nio-8080-exec-2] INFO  project_backend.aspect.AppAspect - User: huyhoan13032006 | Chức năng: getCurrentUser() | Thời gian thực hiện: 7 ms
2026-07-16 09:33:48.978 [http-nio-8080-exec-5] INFO  project_backend.aspect.AppAspect - User: Anonymous | Chức năng: isCheckBlacklist() | Thời gian thực hiện: 6 ms
2026-07-16 09:33:48.993 [http-nio-8080-exec-6] INFO  project_backend.aspect.AppAspect - User: Anonymous | Chức năng: isCheckBlacklist() | Thời gian thực hiện: 2 ms
2026-07-16 09:33:48.997 [http-nio-8080-exec-5] INFO  project_backend.aspect.AppAspect - User: huyhoan13032006 | Chức năng: getCurrentUser() | Thời gian thực hiện: 8 ms
2026-07-16 09:33:50.686 [http-nio-8080-exec-4] INFO  project_backend.aspect.AppAspect - User: Anonymous | Chức năng: isCheckBlacklist() | Thời gian thực hiện: 2 ms
2026-07-16 09:33:50.702 [http-nio-8080-exec-4] INFO  project_backend.aspect.AppAspect - User: huyhoan13032006 | Chức năng: getCurrentUser() | Thời gian thực hiện: 5 ms
2026-07-16 09:33:50.710 [http-nio-8080-exec-7] INFO  project_backend.aspect.AppAspect - User: Anonymous | Chức năng: isCheckBlacklist() | Thời gian thực hiện: 0 ms
2026-07-16 09:33:50.722 [http-nio-8080-exec-7] INFO  project_backend.aspect.AppAspect - User: huyhoan13032006 | Chức năng: getCurrentUser() | Thời gian thực hiện: 12 ms
2026-07-16 09:33:51.426 [http-nio-8080-exec-8] INFO  project_backend.aspect.AppAspect - User: Anonymous | Chức năng: isCheckBlacklist() | Thời gian thực hiện: 1 ms
2026-07-16 09:33:51.562 [http-nio-8080-exec-8] INFO  project_backend.aspect.AppAspect - User: huyhoan13032006 | Chức năng: findPublicQuizzes() | Thời gian thực hiện: 121 ms
2026-07-16 09:38:25.797 [http-nio-8080-exec-9] INFO  project_backend.aspect.AppAspect - User: Anonymous | Chức năng: isCheckBlacklist() | Thời gian thực hiện: 5 ms
2026-07-16 09:38:25.808 [http-nio-8080-exec-9] INFO  project_backend.aspect.AppAspect - User: huyhoan13032006 | Chức năng: getCurrentUser() | Thời gian thực hiện: 3 ms
2026-07-16 09:38:25.819 [http-nio-8080-exec-10] INFO  project_backend.aspect.AppAspect - User: Anonymous | Chức năng: isCheckBlacklist() | Thời gian thực hiện: 1 ms
2026-07-16 09:38:25.828 [http-nio-8080-exec-10] INFO  project_backend.aspect.AppAspect - User: huyhoan13032006 | Chức năng: getCurrentUser() | Thời gian thực hiện: 2 ms
2026-07-16 09:39:05.589 [http-nio-8080-exec-1] INFO  project_backend.aspect.AppAspect - User: Anonymous | Chức năng: isCheckBlacklist() | Thời gian thực hiện: 0 ms
2026-07-16 09:39:05.592 [http-nio-8080-exec-1] INFO  project_backend.aspect.AppAspect - User: huyhoan13032006 | Chức năng: getCurrentUser() | Thời gian thực hiện: 0 ms
2026-07-16 09:39:28.584 [http-nio-8080-exec-2] INFO  project_backend.aspect.AppAspect - User: Anonymous | Chức năng: isCheckBlacklist() | Thời gian thực hiện: 1 ms
2026-07-16 09:39:28.594 [http-nio-8080-exec-2] INFO  project_backend.aspect.AppAspect - User: huyhoan13032006 | Chức năng: getCurrentUser() | Thời gian thực hiện: 3 ms
2026-07-16 09:40:24.531 [Thread-1] INFO  com.zaxxer.hikari.HikariDataSource - HikariPool-1 - Shutdown initiated...
2026-07-16 09:40:24.538 [Thread-1] INFO  com.zaxxer.hikari.HikariDataSource - HikariPool-1 - Shutdown completed.
2026-07-16 09:40:24.677 [restartedMain] INFO  project_backend.BackendApplication - Starting BackendApplication using Java 17.0.18 with PID 10704 (D:\HOC_LAP_TRINH\Qivora\Backend\build\classes\java\main started by HUY HOAN in D:\HOC_LAP_TRINH\Qivora\Backend)
2026-07-16 09:40:24.677 [restartedMain] INFO  project_backend.BackendApplication - No active profile set, falling back to 1 default profile: "default"
2026-07-16 09:40:25.786 [restartedMain] INFO  com.zaxxer.hikari.HikariDataSource - HikariPool-2 - Starting...
2026-07-16 09:40:25.854 [restartedMain] INFO  com.zaxxer.hikari.pool.HikariPool - HikariPool-2 - Added connection org.postgresql.jdbc.PgConnection@6c8ae6ae
2026-07-16 09:40:25.855 [restartedMain] INFO  com.zaxxer.hikari.HikariDataSource - HikariPool-2 - Start completed.
2026-07-16 09:40:27.038 [restartedMain] INFO  com.zaxxer.hikari.HikariDataSource - HikariPool-2 - Shutdown initiated...
2026-07-16 09:40:27.042 [restartedMain] INFO  com.zaxxer.hikari.HikariDataSource - HikariPool-2 - Shutdown completed.
2026-07-16 09:40:28.594 [restartedMain] INFO  project_backend.BackendApplication - Starting BackendApplication using Java 17.0.18 with PID 10704 (D:\HOC_LAP_TRINH\Qivora\Backend\build\classes\java\main started by HUY HOAN in D:\HOC_LAP_TRINH\Qivora\Backend)
2026-07-16 09:40:28.595 [restartedMain] INFO  project_backend.BackendApplication - No active profile set, falling back to 1 default profile: "default"
2026-07-16 09:40:29.770 [restartedMain] INFO  com.zaxxer.hikari.HikariDataSource - HikariPool-3 - Starting...
2026-07-16 09:40:29.839 [restartedMain] INFO  com.zaxxer.hikari.pool.HikariPool - HikariPool-3 - Added connection org.postgresql.jdbc.PgConnection@79693e4
2026-07-16 09:40:29.840 [restartedMain] INFO  com.zaxxer.hikari.HikariDataSource - HikariPool-3 - Start completed.
2026-07-16 09:40:32.186 [restartedMain] INFO  project_backend.BackendApplication - Started BackendApplication in 3.642 seconds (process running for 424.113)
2026-07-16 09:40:43.180 [http-nio-8080-exec-1] INFO  project_backend.aspect.AppAspect - User: Anonymous | Chức năng: isCheckBlacklist() | Thời gian thực hiện: 64 ms
2026-07-16 09:40:43.289 [http-nio-8080-exec-1] INFO  project_backend.aspect.AppAspect - User: huyhoan13032006 | Chức năng: findPublicQuizzes() | Thời gian thực hiện: 37 ms
2026-07-16 09:40:53.091 [http-nio-8080-exec-2] INFO  project_backend.aspect.AppAspect - User: Anonymous | Chức năng: isCheckBlacklist() | Thời gian thực hiện: 2 ms
2026-07-16 09:40:53.109 [http-nio-8080-exec-2] INFO  project_backend.aspect.AppAspect - User: huyhoan13032006 | Chức năng: findPublicQuizzes() | Thời gian thực hiện: 5 ms
2026-07-16 09:41:00.296 [http-nio-8080-exec-3] INFO  project_backend.aspect.AppAspect - User: Anonymous | Chức năng: isCheckBlacklist() | Thời gian thực hiện: 0 ms
2026-07-16 09:41:00.375 [http-nio-8080-exec-3] INFO  project_backend.aspect.AppAspect - User: huyhoan13032006 | Chức năng: findQuizSummaryByCode() | Thời gian thực hiện: 57 ms
2026-07-16 09:41:00.385 [http-nio-8080-exec-4] INFO  project_backend.aspect.AppAspect - User: Anonymous | Chức năng: isCheckBlacklist() | Thời gian thực hiện: 0 ms
2026-07-16 09:41:00.406 [http-nio-8080-exec-4] INFO  project_backend.aspect.AppAspect - User: huyhoan13032006 | Chức năng: findQuizSummaryByCode() | Thời gian thực hiện: 14 ms
2026-07-16 09:41:05.479 [http-nio-8080-exec-5] INFO  project_backend.aspect.AppAspect - User: Anonymous | Chức năng: isCheckBlacklist() | Thời gian thực hiện: 1 ms
2026-07-16 09:41:05.488 [http-nio-8080-exec-5] INFO  project_backend.aspect.AppAspect - User: huyhoan13032006 | Chức năng: getCurrentUser() | Thời gian thực hiện: 1 ms
2026-07-16 09:41:05.502 [http-nio-8080-exec-6] INFO  project_backend.aspect.AppAspect - User: Anonymous | Chức năng: isCheckBlacklist() | Thời gian thực hiện: 0 ms
2026-07-16 09:41:05.507 [http-nio-8080-exec-6] INFO  project_backend.aspect.AppAspect - User: huyhoan13032006 | Chức năng: getCurrentUser() | Thời gian thực hiện: 0 ms
2026-07-16 09:41:06.714 [http-nio-8080-exec-10] INFO  project_backend.aspect.AppAspect - User: Anonymous | Chức năng: isCheckBlacklist() | Thời gian thực hiện: 2 ms
2026-07-16 09:41:06.738 [http-nio-8080-exec-10] INFO  project_backend.aspect.AppAspect - User: huyhoan13032006 | Chức năng: findPublicQuizzes() | Thời gian thực hiện: 13 ms
2026-07-16 09:41:10.159 [http-nio-8080-exec-8] INFO  project_backend.aspect.AppAspect - User: Anonymous | Chức năng: isCheckBlacklist() | Thời gian thực hiện: 3 ms
2026-07-16 09:41:10.168 [http-nio-8080-exec-8] INFO  project_backend.aspect.AppAspect - User: huyhoan13032006 | Chức năng: getCurrentUser() | Thời gian thực hiện: 1 ms
2026-07-16 09:41:10.181 [http-nio-8080-exec-9] INFO  project_backend.aspect.AppAspect - User: Anonymous | Chức năng: isCheckBlacklist() | Thời gian thực hiện: 13 ms
2026-07-16 09:41:10.203 [http-nio-8080-exec-9] INFO  project_backend.aspect.AppAspect - User: huyhoan13032006 | Chức năng: getCurrentUser() | Thời gian thực hiện: 6 ms
2026-07-16 09:51:55.499 [Thread-6] INFO  com.zaxxer.hikari.HikariDataSource - HikariPool-3 - Shutdown initiated...
2026-07-16 09:51:55.501 [Thread-6] INFO  com.zaxxer.hikari.HikariDataSource - HikariPool-3 - Shutdown completed.
2026-07-16 09:51:55.639 [restartedMain] INFO  project_backend.BackendApplication - Starting BackendApplication using Java 17.0.18 with PID 10704 (D:\HOC_LAP_TRINH\Qivora\Backend\build\classes\java\main started by HUY HOAN in D:\HOC_LAP_TRINH\Qivora\Backend)
2026-07-16 09:51:55.639 [restartedMain] INFO  project_backend.BackendApplication - No active profile set, falling back to 1 default profile: "default"
2026-07-16 09:51:56.600 [restartedMain] INFO  com.zaxxer.hikari.HikariDataSource - HikariPool-4 - Starting...
2026-07-16 09:51:56.685 [restartedMain] INFO  com.zaxxer.hikari.pool.HikariPool - HikariPool-4 - Added connection org.postgresql.jdbc.PgConnection@5ca0a8d5
2026-07-16 09:51:56.685 [restartedMain] INFO  com.zaxxer.hikari.HikariDataSource - HikariPool-4 - Start completed.
2026-07-16 09:51:57.798 [restartedMain] INFO  com.zaxxer.hikari.HikariDataSource - HikariPool-4 - Shutdown initiated...
2026-07-16 09:51:57.839 [restartedMain] INFO  com.zaxxer.hikari.HikariDataSource - HikariPool-4 - Shutdown completed.
2026-07-16 09:52:00.249 [restartedMain] INFO  project_backend.BackendApplication - Starting BackendApplication using Java 17.0.18 with PID 10704 (D:\HOC_LAP_TRINH\Qivora\Backend\build\classes\java\main started by HUY HOAN in D:\HOC_LAP_TRINH\Qivora\Backend)
2026-07-16 09:52:00.249 [restartedMain] INFO  project_backend.BackendApplication - No active profile set, falling back to 1 default profile: "default"
2026-07-16 09:52:01.547 [restartedMain] INFO  com.zaxxer.hikari.HikariDataSource - HikariPool-5 - Starting...
2026-07-16 09:52:01.614 [restartedMain] INFO  com.zaxxer.hikari.pool.HikariPool - HikariPool-5 - Added connection org.postgresql.jdbc.PgConnection@3bb10a58
2026-07-16 09:52:01.614 [restartedMain] INFO  com.zaxxer.hikari.HikariDataSource - HikariPool-5 - Start completed.
2026-07-16 09:52:03.843 [restartedMain] INFO  project_backend.BackendApplication - Started BackendApplication in 3.673 seconds (process running for 1115.771)
2026-07-16 10:09:10.053 [Thread-13] INFO  com.zaxxer.hikari.HikariDataSource - HikariPool-5 - Shutdown initiated...
2026-07-16 10:09:10.061 [Thread-13] INFO  com.zaxxer.hikari.HikariDataSource - HikariPool-5 - Shutdown completed.
2026-07-16 10:09:10.342 [restartedMain] INFO  project_backend.BackendApplication - Starting BackendApplication using Java 17.0.18 with PID 10704 (D:\HOC_LAP_TRINH\Qivora\Backend\build\classes\java\main started by HUY HOAN in D:\HOC_LAP_TRINH\Qivora\Backend)
2026-07-16 10:09:10.343 [restartedMain] INFO  project_backend.BackendApplication - No active profile set, falling back to 1 default profile: "default"
2026-07-16 10:09:11.403 [restartedMain] INFO  com.zaxxer.hikari.HikariDataSource - HikariPool-6 - Starting...
2026-07-16 10:09:11.490 [restartedMain] INFO  com.zaxxer.hikari.pool.HikariPool - HikariPool-6 - Added connection org.postgresql.jdbc.PgConnection@1d606851
2026-07-16 10:09:11.491 [restartedMain] INFO  com.zaxxer.hikari.HikariDataSource - HikariPool-6 - Start completed.
2026-07-16 10:09:12.268 [restartedMain] INFO  com.zaxxer.hikari.HikariDataSource - HikariPool-6 - Shutdown initiated...
2026-07-16 10:09:12.345 [restartedMain] INFO  com.zaxxer.hikari.HikariDataSource - HikariPool-6 - Shutdown completed.
2026-07-16 10:09:13.884 [restartedMain] INFO  project_backend.BackendApplication - Starting BackendApplication using Java 17.0.18 with PID 10704 (D:\HOC_LAP_TRINH\Qivora\Backend\build\classes\java\main started by HUY HOAN in D:\HOC_LAP_TRINH\Qivora\Backend)
2026-07-16 10:09:13.884 [restartedMain] INFO  project_backend.BackendApplication - No active profile set, falling back to 1 default profile: "default"
2026-07-16 10:09:14.850 [restartedMain] INFO  com.zaxxer.hikari.HikariDataSource - HikariPool-7 - Starting...
2026-07-16 10:09:14.913 [restartedMain] INFO  com.zaxxer.hikari.pool.HikariPool - HikariPool-7 - Added connection org.postgresql.jdbc.PgConnection@1aeea588
2026-07-16 10:09:14.913 [restartedMain] INFO  com.zaxxer.hikari.HikariDataSource - HikariPool-7 - Start completed.
2026-07-16 10:09:17.296 [restartedMain] INFO  project_backend.BackendApplication - Started BackendApplication in 3.45 seconds (process running for 2149.223)
2026-07-16 10:13:21.456 [http-nio-8080-exec-1] INFO  project_backend.aspect.AppAspect - User: anonymousUser | Chức năng: login() | Thời gian thực hiện: 348 ms
2026-07-16 10:13:21.601 [http-nio-8080-exec-2] INFO  project_backend.aspect.AppAspect - User: Anonymous | Chức năng: isCheckBlacklist() | Thời gian thực hiện: 58 ms
2026-07-16 10:13:21.601 [http-nio-8080-exec-3] INFO  project_backend.aspect.AppAspect - User: Anonymous | Chức năng: isCheckBlacklist() | Thời gian thực hiện: 55 ms
2026-07-16 10:13:21.670 [http-nio-8080-exec-2] INFO  project_backend.aspect.AppAspect - User: huyhoan13032006 | Chức năng: getCurrentUser() | Thời gian thực hiện: 4 ms
2026-07-16 10:13:21.688 [http-nio-8080-exec-4] INFO  project_backend.aspect.AppAspect - User: Anonymous | Chức năng: isCheckBlacklist() | Thời gian thực hiện: 5 ms
2026-07-16 10:13:21.690 [http-nio-8080-exec-5] INFO  project_backend.aspect.AppAspect - User: Anonymous | Chức năng: isCheckBlacklist() | Thời gian thực hiện: 1 ms
2026-07-16 10:13:21.698 [http-nio-8080-exec-4] INFO  project_backend.aspect.AppAspect - User: huyhoan13032006 | Chức năng: getCurrentUser() | Thời gian thực hiện: 2 ms
2026-07-16 10:13:26.283 [http-nio-8080-exec-6] INFO  project_backend.aspect.AppAspect - User: Anonymous | Chức năng: isCheckBlacklist() | Thời gian thực hiện: 0 ms
2026-07-16 10:13:26.285 [http-nio-8080-exec-7] INFO  project_backend.aspect.AppAspect - User: Anonymous | Chức năng: isCheckBlacklist() | Thời gian thực hiện: 0 ms
2026-07-16 10:13:26.297 [http-nio-8080-exec-6] INFO  project_backend.aspect.AppAspect - User: huyhoan13032006 | Chức năng: getCurrentUser() | Thời gian thực hiện: 4 ms
2026-07-16 10:13:26.309 [http-nio-8080-exec-8] INFO  project_backend.aspect.AppAspect - User: Anonymous | Chức năng: isCheckBlacklist() | Thời gian thực hiện: 0 ms
2026-07-16 10:13:26.322 [http-nio-8080-exec-8] INFO  project_backend.aspect.AppAspect - User: huyhoan13032006 | Chức năng: getCurrentUser() | Thời gian thực hiện: 2 ms
2026-07-16 10:13:26.374 [http-nio-8080-exec-7] INFO  project_backend.aspect.AppAspect - User: huyhoan13032006 | Chức năng: findMyQuizzes() | Thời gian thực hiện: 77 ms
2026-07-16 10:13:26.393 [http-nio-8080-exec-9] INFO  project_backend.aspect.AppAspect - User: Anonymous | Chức năng: isCheckBlacklist() | Thời gian thực hiện: 0 ms
2026-07-16 10:13:26.434 [http-nio-8080-exec-9] INFO  project_backend.aspect.AppAspect - User: huyhoan13032006 | Chức năng: findMyQuizzes() | Thời gian thực hiện: 24 ms
2026-07-16 10:13:37.458 [http-nio-8080-exec-10] INFO  project_backend.aspect.AppAspect - User: Anonymous | Chức năng: isCheckBlacklist() | Thời gian thực hiện: 1 ms
2026-07-16 10:13:37.462 [http-nio-8080-exec-1] INFO  project_backend.aspect.AppAspect - User: Anonymous | Chức năng: isCheckBlacklist() | Thời gian thực hiện: 2 ms
2026-07-16 10:13:37.470 [http-nio-8080-exec-10] INFO  project_backend.aspect.AppAspect - User: huyhoan13032006 | Chức năng: getCurrentUser() | Thời gian thực hiện: 2 ms
2026-07-16 10:13:37.575 [http-nio-8080-exec-1] INFO  project_backend.aspect.AppAspect - User: huyhoan13032006 | Chức năng: getMyQuizManageDetail() | Thời gian thực hiện: 107 ms
2026-07-16 10:13:48.013 [http-nio-8080-exec-2] INFO  project_backend.aspect.AppAspect - User: Anonymous | Chức năng: isCheckBlacklist() | Thời gian thực hiện: 1 ms
2026-07-16 10:13:48.013 [http-nio-8080-exec-3] INFO  project_backend.aspect.AppAspect - User: Anonymous | Chức năng: isCheckBlacklist() | Thời gian thực hiện: 1 ms
2026-07-16 10:13:48.018 [http-nio-8080-exec-2] INFO  project_backend.aspect.AppAspect - User: huyhoan13032006 | Chức năng: getCurrentUser() | Thời gian thực hiện: 0 ms
2026-07-16 10:13:48.030 [http-nio-8080-exec-3] INFO  project_backend.aspect.AppAspect - User: huyhoan13032006 | Chức năng: findMyQuizzes() | Thời gian thực hiện: 12 ms
2026-07-16 10:15:02.438 [http-nio-8080-exec-4] INFO  project_backend.aspect.AppAspect - User: Anonymous | Chức năng: isCheckBlacklist() | Thời gian thực hiện: 1 ms
2026-07-16 10:15:02.438 [http-nio-8080-exec-5] INFO  project_backend.aspect.AppAspect - User: Anonymous | Chức năng: isCheckBlacklist() | Thời gian thực hiện: 1 ms
2026-07-16 10:15:02.448 [http-nio-8080-exec-4] INFO  project_backend.aspect.AppAspect - User: huyhoan13032006 | Chức năng: getCurrentUser() | Thời gian thực hiện: 2 ms
2026-07-16 10:15:02.468 [http-nio-8080-exec-5] INFO  project_backend.aspect.AppAspect - User: huyhoan13032006 | Chức năng: findMyQuizzes() | Thời gian thực hiện: 22 ms
2026-07-16 11:03:36.548 [SpringApplicationShutdownHook] INFO  com.zaxxer.hikari.HikariDataSource - HikariPool-7 - Shutdown initiated...
2026-07-16 11:03:36.548 [SpringApplicationShutdownHook] INFO  com.zaxxer.hikari.HikariDataSource - HikariPool-7 - Shutdown completed.
2026-07-16 14:16:34.128 [restartedMain] INFO  project_backend.BackendApplication - Starting BackendApplication using Java 17.0.18 with PID 26332 (D:\HOC_LAP_TRINH\Qivora\Backend\build\classes\java\main started by HUY HOAN in D:\HOC_LAP_TRINH\Qivora\Backend)
2026-07-16 14:16:34.164 [restartedMain] INFO  project_backend.BackendApplication - No active profile set, falling back to 1 default profile: "default"
2026-07-16 14:16:37.488 [restartedMain] INFO  com.zaxxer.hikari.HikariDataSource - HikariPool-1 - Starting...
2026-07-16 14:16:37.982 [restartedMain] INFO  com.zaxxer.hikari.pool.HikariPool - HikariPool-1 - Added connection org.postgresql.jdbc.PgConnection@3e15890a
2026-07-16 14:16:37.987 [restartedMain] INFO  com.zaxxer.hikari.HikariDataSource - HikariPool-1 - Start completed.
2026-07-16 14:16:48.626 [restartedMain] INFO  project_backend.BackendApplication - Started BackendApplication in 15.083 seconds (process running for 16.297)
2026-07-16 14:17:09.026 [http-nio-8080-exec-5] INFO  project_backend.aspect.AppAspect - User: anonymousUser | Chức năng: login() | Thời gian thực hiện: 1654 ms
2026-07-16 14:17:10.655 [http-nio-8080-exec-6] INFO  project_backend.aspect.AppAspect - User: Anonymous | Chức năng: isCheckBlacklist() | Thời gian thực hiện: 1356 ms
2026-07-16 14:17:10.655 [http-nio-8080-exec-7] INFO  project_backend.aspect.AppAspect - User: Anonymous | Chức năng: isCheckBlacklist() | Thời gian thực hiện: 1352 ms
2026-07-16 14:17:10.758 [http-nio-8080-exec-6] INFO  project_backend.aspect.AppAspect - User: huyhoan13032006 | Chức năng: getCurrentUser() | Thời gian thực hiện: 15 ms
2026-07-16 14:17:10.775 [http-nio-8080-exec-8] INFO  project_backend.aspect.AppAspect - User: Anonymous | Chức năng: isCheckBlacklist() | Thời gian thực hiện: 1 ms
2026-07-16 14:17:10.791 [http-nio-8080-exec-8] INFO  project_backend.aspect.AppAspect - User: huyhoan13032006 | Chức năng: getCurrentUser() | Thời gian thực hiện: 5 ms
2026-07-16 14:17:10.813 [http-nio-8080-exec-9] INFO  project_backend.aspect.AppAspect - User: Anonymous | Chức năng: isCheckBlacklist() | Thời gian thực hiện: 0 ms
2026-07-16 14:17:11.387 [http-nio-8080-exec-10] INFO  project_backend.aspect.AppAspect - User: Anonymous | Chức năng: isCheckBlacklist() | Thời gian thực hiện: 1 ms
2026-07-16 14:17:11.395 [http-nio-8080-exec-10] INFO  project_backend.aspect.AppAspect - User: huyhoan13032006 | Chức năng: getCurrentUser() | Thời gian thực hiện: 0 ms
2026-07-16 14:17:11.395 [http-nio-8080-exec-1] INFO  project_backend.aspect.AppAspect - User: Anonymous | Chức năng: isCheckBlacklist() | Thời gian thực hiện: 0 ms
2026-07-16 14:17:11.410 [http-nio-8080-exec-1] INFO  project_backend.aspect.AppAspect - User: huyhoan13032006 | Chức năng: getCurrentUser() | Thời gian thực hiện: 0 ms
2026-07-16 14:17:11.962 [http-nio-8080-exec-2] INFO  project_backend.aspect.AppAspect - User: Anonymous | Chức năng: isCheckBlacklist() | Thời gian thực hiện: 0 ms
2026-07-16 14:17:11.973 [http-nio-8080-exec-2] INFO  project_backend.aspect.AppAspect - User: huyhoan13032006 | Chức năng: getCurrentUser() | Thời gian thực hiện: 0 ms
2026-07-16 14:17:11.973 [http-nio-8080-exec-3] INFO  project_backend.aspect.AppAspect - User: Anonymous | Chức năng: isCheckBlacklist() | Thời gian thực hiện: 0 ms
2026-07-16 14:17:11.987 [http-nio-8080-exec-3] INFO  project_backend.aspect.AppAspect - User: huyhoan13032006 | Chức năng: getCurrentUser() | Thời gian thực hiện: 0 ms
2026-07-16 14:17:50.552 [http-nio-8080-exec-4] INFO  project_backend.aspect.AppAspect - User: Anonymous | Chức năng: isCheckBlacklist() | Thời gian thực hiện: 1 ms
2026-07-16 14:17:50.563 [http-nio-8080-exec-4] INFO  project_backend.aspect.AppAspect - User: huyhoan13032006 | Chức năng: getCurrentUser() | Thời gian thực hiện: 2 ms
2026-07-16 14:17:51.262 [http-nio-8080-exec-5] INFO  project_backend.aspect.AppAspect - User: Anonymous | Chức năng: isCheckBlacklist() | Thời gian thực hiện: 2 ms
2026-07-16 14:17:51.272 [http-nio-8080-exec-5] INFO  project_backend.aspect.AppAspect - User: huyhoan13032006 | Chức năng: getCurrentUser() | Thời gian thực hiện: 4 ms
2026-07-16 14:17:53.782 [http-nio-8080-exec-6] INFO  project_backend.aspect.AppAspect - User: Anonymous | Chức năng: isCheckBlacklist() | Thời gian thực hiện: 2 ms
2026-07-16 14:17:53.794 [http-nio-8080-exec-6] INFO  project_backend.aspect.AppAspect - User: huyhoan13032006 | Chức năng: getCurrentUser() | Thời gian thực hiện: 4 ms
2026-07-16 14:19:56.193 [http-nio-8080-exec-8] INFO  project_backend.aspect.AppAspect - User: Anonymous | Chức năng: isCheckBlacklist() | Thời gian thực hiện: 3 ms
2026-07-16 14:19:56.195 [http-nio-8080-exec-7] INFO  project_backend.aspect.AppAspect - User: Anonymous | Chức năng: isCheckBlacklist() | Thời gian thực hiện: 2 ms
2026-07-16 14:19:56.210 [http-nio-8080-exec-8] INFO  project_backend.aspect.AppAspect - User: huyhoan13032006 | Chức năng: getCurrentUser() | Thời gian thực hiện: 3 ms
2026-07-16 14:19:56.224 [http-nio-8080-exec-9] INFO  project_backend.aspect.AppAspect - User: Anonymous | Chức năng: isCheckBlacklist() | Thời gian thực hiện: 2 ms
2026-07-16 14:19:56.236 [http-nio-8080-exec-9] INFO  project_backend.aspect.AppAspect - User: huyhoan13032006 | Chức năng: getCurrentUser() | Thời gian thực hiện: 3 ms
2026-07-16 14:19:56.405 [http-nio-8080-exec-7] INFO  project_backend.aspect.AppAspect - User: huyhoan13032006 | Chức năng: findMyQuizzes() | Thời gian thực hiện: 195 ms
2026-07-16 14:19:56.461 [http-nio-8080-exec-10] INFO  project_backend.aspect.AppAspect - User: Anonymous | Chức năng: isCheckBlacklist() | Thời gian thực hiện: 2 ms
2026-07-16 14:19:56.496 [http-nio-8080-exec-10] INFO  project_backend.aspect.AppAspect - User: huyhoan13032006 | Chức năng: findMyQuizzes() | Thời gian thực hiện: 22 ms
2026-07-16 14:19:56.694 [http-nio-8080-exec-1] INFO  project_backend.aspect.AppAspect - User: Anonymous | Chức năng: isCheckBlacklist() | Thời gian thực hiện: 0 ms
2026-07-16 14:19:56.709 [http-nio-8080-exec-1] INFO  project_backend.aspect.AppAspect - User: huyhoan13032006 | Chức năng: getCurrentUser() | Thời gian thực hiện: 6 ms
2026-07-16 14:19:56.719 [http-nio-8080-exec-2] INFO  project_backend.aspect.AppAspect - User: Anonymous | Chức năng: isCheckBlacklist() | Thời gian thực hiện: 0 ms
2026-07-16 14:19:56.723 [http-nio-8080-exec-2] INFO  project_backend.aspect.AppAspect - User: huyhoan13032006 | Chức năng: getCurrentUser() | Thời gian thực hiện: 0 ms
2026-07-16 14:19:57.739 [http-nio-8080-exec-3] INFO  project_backend.aspect.AppAspect - User: Anonymous | Chức năng: isCheckBlacklist() | Thời gian thực hiện: 5 ms
2026-07-16 14:19:57.738 [http-nio-8080-exec-4] INFO  project_backend.aspect.AppAspect - User: Anonymous | Chức năng: isCheckBlacklist() | Thời gian thực hiện: 4 ms
2026-07-16 14:19:57.755 [http-nio-8080-exec-3] INFO  project_backend.aspect.AppAspect - User: huyhoan13032006 | Chức năng: getCurrentUser() | Thời gian thực hiện: 7 ms
2026-07-16 14:19:57.758 [http-nio-8080-exec-5] INFO  project_backend.aspect.AppAspect - User: Anonymous | Chức năng: isCheckBlacklist() | Thời gian thực hiện: 0 ms
2026-07-16 14:19:57.758 [http-nio-8080-exec-6] INFO  project_backend.aspect.AppAspect - User: Anonymous | Chức năng: isCheckBlacklist() | Thời gian thực hiện: 0 ms
2026-07-16 14:19:57.773 [http-nio-8080-exec-5] INFO  project_backend.aspect.AppAspect - User: huyhoan13032006 | Chức năng: getCurrentUser() | Thời gian thực hiện: 0 ms
2026-07-16 14:19:58.222 [http-nio-8080-exec-8] INFO  project_backend.aspect.AppAspect - User: Anonymous | Chức năng: isCheckBlacklist() | Thời gian thực hiện: 3 ms
2026-07-16 14:19:58.222 [http-nio-8080-exec-9] INFO  project_backend.aspect.AppAspect - User: Anonymous | Chức năng: isCheckBlacklist() | Thời gian thực hiện: 3 ms
2026-07-16 14:19:58.240 [http-nio-8080-exec-8] INFO  project_backend.aspect.AppAspect - User: huyhoan13032006 | Chức năng: getCurrentUser() | Thời gian thực hiện: 6 ms
2026-07-16 14:19:58.249 [http-nio-8080-exec-7] INFO  project_backend.aspect.AppAspect - User: Anonymous | Chức năng: isCheckBlacklist() | Thời gian thực hiện: 0 ms
2026-07-16 14:19:58.255 [http-nio-8080-exec-9] INFO  project_backend.aspect.AppAspect - User: huyhoan13032006 | Chức năng: findMyQuizzes() | Thời gian thực hiện: 22 ms
2026-07-16 14:19:58.259 [http-nio-8080-exec-7] INFO  project_backend.aspect.AppAspect - User: huyhoan13032006 | Chức năng: getCurrentUser() | Thời gian thực hiện: 4 ms
2026-07-16 14:19:58.265 [http-nio-8080-exec-10] INFO  project_backend.aspect.AppAspect - User: Anonymous | Chức năng: isCheckBlacklist() | Thời gian thực hiện: 2 ms
2026-07-16 14:19:58.307 [http-nio-8080-exec-10] INFO  project_backend.aspect.AppAspect - User: huyhoan13032006 | Chức năng: findMyQuizzes() | Thời gian thực hiện: 38 ms
2026-07-16 14:20:00.854 [http-nio-8080-exec-1] INFO  project_backend.aspect.AppAspect - User: Anonymous | Chức năng: isCheckBlacklist() | Thời gian thực hiện: 3 ms
2026-07-16 14:20:00.864 [http-nio-8080-exec-1] INFO  project_backend.aspect.AppAspect - User: huyhoan13032006 | Chức năng: getCurrentUser() | Thời gian thực hiện: 3 ms
2026-07-16 14:20:00.870 [http-nio-8080-exec-2] INFO  project_backend.aspect.AppAspect - User: Anonymous | Chức năng: isCheckBlacklist() | Thời gian thực hiện: 0 ms
2026-07-16 14:20:00.880 [http-nio-8080-exec-2] INFO  project_backend.aspect.AppAspect - User: huyhoan13032006 | Chức năng: getCurrentUser() | Thời gian thực hiện: 0 ms
2026-07-16 14:20:07.584 [http-nio-8080-exec-3] INFO  project_backend.aspect.AppAspect - User: Anonymous | Chức năng: isCheckBlacklist() | Thời gian thực hiện: 2 ms
2026-07-16 14:20:07.589 [http-nio-8080-exec-3] INFO  project_backend.aspect.AppAspect - User: huyhoan13032006 | Chức năng: getCurrentUser() | Thời gian thực hiện: 0 ms
2026-07-16 14:20:07.603 [http-nio-8080-exec-4] INFO  project_backend.aspect.AppAspect - User: Anonymous | Chức năng: isCheckBlacklist() | Thời gian thực hiện: 1 ms
2026-07-16 14:20:07.609 [http-nio-8080-exec-4] INFO  project_backend.aspect.AppAspect - User: huyhoan13032006 | Chức năng: getCurrentUser() | Thời gian thực hiện: 2 ms
2026-07-16 14:21:07.430 [http-nio-8080-exec-5] INFO  project_backend.aspect.AppAspect - User: Anonymous | Chức năng: isCheckBlacklist() | Thời gian thực hiện: 1 ms
2026-07-16 14:21:07.443 [http-nio-8080-exec-5] INFO  project_backend.aspect.AppAspect - User: huyhoan13032006 | Chức năng: getCurrentUser() | Thời gian thực hiện: 3 ms
2026-07-16 14:23:53.081 [http-nio-8080-exec-6] INFO  project_backend.aspect.AppAspect - User: Anonymous | Chức năng: isCheckBlacklist() | Thời gian thực hiện: 4 ms
2026-07-16 14:23:53.100 [http-nio-8080-exec-6] INFO  project_backend.aspect.AppAspect - User: huyhoan13032006 | Chức năng: getCurrentUser() | Thời gian thực hiện: 6 ms
2026-07-16 14:24:05.520 [http-nio-8080-exec-8] INFO  project_backend.aspect.AppAspect - User: Anonymous | Chức năng: isCheckBlacklist() | Thời gian thực hiện: 2 ms
2026-07-16 14:24:05.537 [http-nio-8080-exec-8] INFO  project_backend.aspect.AppAspect - User: huyhoan13032006 | Chức năng: getCurrentUser() | Thời gian thực hiện: 4 ms
2026-07-16 14:24:23.701 [http-nio-8080-exec-7] INFO  project_backend.aspect.AppAspect - User: Anonymous | Chức năng: isCheckBlacklist() | Thời gian thực hiện: 1 ms
2026-07-16 14:24:23.701 [http-nio-8080-exec-9] INFO  project_backend.aspect.AppAspect - User: Anonymous | Chức năng: isCheckBlacklist() | Thời gian thực hiện: 1 ms
2026-07-16 14:24:23.720 [http-nio-8080-exec-9] INFO  project_backend.aspect.AppAspect - User: huyhoan13032006 | Chức năng: getCurrentUser() | Thời gian thực hiện: 8 ms
2026-07-16 14:24:23.738 [http-nio-8080-exec-10] INFO  project_backend.aspect.AppAspect - User: Anonymous | Chức năng: isCheckBlacklist() | Thời gian thực hiện: 1 ms
2026-07-16 14:24:23.753 [http-nio-8080-exec-10] INFO  project_backend.aspect.AppAspect - User: huyhoan13032006 | Chức năng: getCurrentUser() | Thời gian thực hiện: 6 ms
2026-07-16 14:24:23.756 [http-nio-8080-exec-7] INFO  project_backend.aspect.AppAspect - User: huyhoan13032006 | Chức năng: findMyQuizzes() | Thời gian thực hiện: 44 ms
2026-07-16 14:24:23.770 [http-nio-8080-exec-1] INFO  project_backend.aspect.AppAspect - User: Anonymous | Chức năng: isCheckBlacklist() | Thời gian thực hiện: 1 ms
2026-07-16 14:24:23.821 [http-nio-8080-exec-1] INFO  project_backend.aspect.AppAspect - User: huyhoan13032006 | Chức năng: findMyQuizzes() | Thời gian thực hiện: 42 ms
2026-07-16 14:25:17.071 [http-nio-8080-exec-2] INFO  project_backend.aspect.AppAspect - User: Anonymous | Chức năng: isCheckBlacklist() | Thời gian thực hiện: 1 ms
2026-07-16 14:25:17.138 [http-nio-8080-exec-2] INFO  project_backend.aspect.AppAspect - User: huyhoan13032006 | Chức năng: deleteQuiz() | Thời gian thực hiện: 56 ms
2026-07-16 14:25:17.252 [http-nio-8080-exec-3] INFO  project_backend.aspect.AppAspect - User: Anonymous | Chức năng: isCheckBlacklist() | Thời gian thực hiện: 3 ms
2026-07-16 14:25:17.296 [http-nio-8080-exec-3] INFO  project_backend.aspect.AppAspect - User: huyhoan13032006 | Chức năng: findMyQuizzes() | Thời gian thực hiện: 31 ms
2026-07-16 14:25:25.959 [http-nio-8080-exec-4] INFO  project_backend.aspect.AppAspect - User: Anonymous | Chức năng: isCheckBlacklist() | Thời gian thực hiện: 2 ms
2026-07-16 14:25:25.985 [http-nio-8080-exec-4] INFO  project_backend.aspect.AppAspect - User: huyhoan13032006 | Chức năng: deleteQuiz() | Thời gian thực hiện: 18 ms
2026-07-16 14:25:26.005 [http-nio-8080-exec-5] INFO  project_backend.aspect.AppAspect - User: Anonymous | Chức năng: isCheckBlacklist() | Thời gian thực hiện: 2 ms
2026-07-16 14:25:26.043 [http-nio-8080-exec-5] INFO  project_backend.aspect.AppAspect - User: huyhoan13032006 | Chức năng: findMyQuizzes() | Thời gian thực hiện: 27 ms
2026-07-16 14:25:43.977 [http-nio-8080-exec-6] INFO  project_backend.aspect.AppAspect - User: Anonymous | Chức năng: isCheckBlacklist() | Thời gian thực hiện: 2 ms
2026-07-16 14:25:44.000 [http-nio-8080-exec-6] INFO  project_backend.aspect.AppAspect - User: huyhoan13032006 | Chức năng: deleteQuiz() | Thời gian thực hiện: 16 ms
2026-07-16 14:25:44.062 [http-nio-8080-exec-8] INFO  project_backend.aspect.AppAspect - User: Anonymous | Chức năng: isCheckBlacklist() | Thời gian thực hiện: 2 ms
2026-07-16 14:25:44.091 [http-nio-8080-exec-8] INFO  project_backend.aspect.AppAspect - User: huyhoan13032006 | Chức năng: findMyQuizzes() | Thời gian thực hiện: 21 ms
2026-07-16 14:25:47.401 [http-nio-8080-exec-9] INFO  project_backend.aspect.AppAspect - User: Anonymous | Chức năng: isCheckBlacklist() | Thời gian thực hiện: 2 ms
2026-07-16 14:25:47.430 [http-nio-8080-exec-9] INFO  project_backend.aspect.AppAspect - User: huyhoan13032006 | Chức năng: deleteQuiz() | Thời gian thực hiện: 17 ms
2026-07-16 14:25:47.462 [http-nio-8080-exec-10] INFO  project_backend.aspect.AppAspect - User: Anonymous | Chức năng: isCheckBlacklist() | Thời gian thực hiện: 2 ms
2026-07-16 14:25:47.488 [http-nio-8080-exec-10] INFO  project_backend.aspect.AppAspect - User: huyhoan13032006 | Chức năng: findMyQuizzes() | Thời gian thực hiện: 14 ms
2026-07-16 14:25:49.347 [http-nio-8080-exec-7] INFO  project_backend.aspect.AppAspect - User: Anonymous | Chức năng: isCheckBlacklist() | Thời gian thực hiện: 2 ms
2026-07-16 14:25:49.376 [http-nio-8080-exec-7] INFO  project_backend.aspect.AppAspect - User: huyhoan13032006 | Chức năng: deleteQuiz() | Thời gian thực hiện: 12 ms
2026-07-16 14:25:49.424 [http-nio-8080-exec-1] INFO  project_backend.aspect.AppAspect - User: Anonymous | Chức năng: isCheckBlacklist() | Thời gian thực hiện: 3 ms
2026-07-16 14:25:49.454 [http-nio-8080-exec-1] INFO  project_backend.aspect.AppAspect - User: huyhoan13032006 | Chức năng: findMyQuizzes() | Thời gian thực hiện: 18 ms
2026-07-16 14:25:52.455 [http-nio-8080-exec-2] INFO  project_backend.aspect.AppAspect - User: Anonymous | Chức năng: isCheckBlacklist() | Thời gian thực hiện: 2 ms
2026-07-16 14:25:52.474 [http-nio-8080-exec-2] INFO  project_backend.aspect.AppAspect - User: huyhoan13032006 | Chức năng: deleteQuiz() | Thời gian thực hiện: 12 ms
2026-07-16 14:25:52.511 [http-nio-8080-exec-3] INFO  project_backend.aspect.AppAspect - User: Anonymous | Chức năng: isCheckBlacklist() | Thời gian thực hiện: 0 ms
2026-07-16 14:25:52.534 [http-nio-8080-exec-3] INFO  project_backend.aspect.AppAspect - User: huyhoan13032006 | Chức năng: findMyQuizzes() | Thời gian thực hiện: 11 ms
2026-07-16 14:25:57.778 [http-nio-8080-exec-4] INFO  project_backend.aspect.AppAspect - User: Anonymous | Chức năng: isCheckBlacklist() | Thời gian thực hiện: 2 ms
2026-07-16 14:25:57.801 [http-nio-8080-exec-4] INFO  project_backend.aspect.AppAspect - User: huyhoan13032006 | Chức năng: deleteQuiz() | Thời gian thực hiện: 11 ms
2026-07-16 14:25:57.821 [http-nio-8080-exec-5] INFO  project_backend.aspect.AppAspect - User: Anonymous | Chức năng: isCheckBlacklist() | Thời gian thực hiện: 2 ms
2026-07-16 14:25:57.845 [http-nio-8080-exec-5] INFO  project_backend.aspect.AppAspect - User: huyhoan13032006 | Chức năng: findMyQuizzes() | Thời gian thực hiện: 20 ms
2026-07-16 14:26:11.870 [http-nio-8080-exec-6] INFO  project_backend.aspect.AppAspect - User: Anonymous | Chức năng: isCheckBlacklist() | Thời gian thực hiện: 0 ms
2026-07-16 14:26:11.891 [http-nio-8080-exec-6] INFO  project_backend.aspect.AppAspect - User: huyhoan13032006 | Chức năng: deleteQuiz() | Thời gian thực hiện: 11 ms
2026-07-16 14:26:11.918 [http-nio-8080-exec-8] INFO  project_backend.aspect.AppAspect - User: Anonymous | Chức năng: isCheckBlacklist() | Thời gian thực hiện: 0 ms
2026-07-16 14:26:11.935 [http-nio-8080-exec-8] INFO  project_backend.aspect.AppAspect - User: huyhoan13032006 | Chức năng: findMyQuizzes() | Thời gian thực hiện: 7 ms
2026-07-16 14:26:13.296 [http-nio-8080-exec-9] INFO  project_backend.aspect.AppAspect - User: Anonymous | Chức năng: isCheckBlacklist() | Thời gian thực hiện: 1 ms
2026-07-16 14:26:13.296 [http-nio-8080-exec-10] INFO  project_backend.aspect.AppAspect - User: Anonymous | Chức năng: isCheckBlacklist() | Thời gian thực hiện: 0 ms
2026-07-16 14:26:13.303 [http-nio-8080-exec-9] INFO  project_backend.aspect.AppAspect - User: huyhoan13032006 | Chức năng: getCurrentUser() | Thời gian thực hiện: 2 ms
2026-07-16 14:26:13.309 [http-nio-8080-exec-10] INFO  project_backend.aspect.AppAspect - User: huyhoan13032006 | Chức năng: findMyQuizzes() | Thời gian thực hiện: 8 ms
2026-07-16 14:26:13.315 [http-nio-8080-exec-7] INFO  project_backend.aspect.AppAspect - User: Anonymous | Chức năng: isCheckBlacklist() | Thời gian thực hiện: 1 ms
2026-07-16 14:26:13.318 [http-nio-8080-exec-1] INFO  project_backend.aspect.AppAspect - User: Anonymous | Chức năng: isCheckBlacklist() | Thời gian thực hiện: 1 ms
2026-07-16 14:26:13.319 [http-nio-8080-exec-7] INFO  project_backend.aspect.AppAspect - User: huyhoan13032006 | Chức năng: getCurrentUser() | Thời gian thực hiện: 0 ms
2026-07-16 14:26:13.333 [http-nio-8080-exec-1] INFO  project_backend.aspect.AppAspect - User: huyhoan13032006 | Chức năng: findMyQuizzes() | Thời gian thực hiện: 10 ms
2026-07-16 14:26:16.024 [http-nio-8080-exec-2] INFO  project_backend.aspect.AppAspect - User: Anonymous | Chức năng: isCheckBlacklist() | Thời gian thực hiện: 1 ms
2026-07-16 14:26:16.048 [http-nio-8080-exec-2] INFO  project_backend.aspect.AppAspect - User: huyhoan13032006 | Chức năng: deleteQuiz() | Thời gian thực hiện: 17 ms
2026-07-16 14:26:16.063 [http-nio-8080-exec-3] INFO  project_backend.aspect.AppAspect - User: Anonymous | Chức năng: isCheckBlacklist() | Thời gian thực hiện: 0 ms
2026-07-16 14:26:16.090 [http-nio-8080-exec-3] INFO  project_backend.aspect.AppAspect - User: huyhoan13032006 | Chức năng: findMyQuizzes() | Thời gian thực hiện: 17 ms
2026-07-16 14:26:17.273 [http-nio-8080-exec-4] INFO  project_backend.aspect.AppAspect - User: Anonymous | Chức năng: isCheckBlacklist() | Thời gian thực hiện: 1 ms
2026-07-16 14:26:17.296 [http-nio-8080-exec-4] INFO  project_backend.aspect.AppAspect - User: huyhoan13032006 | Chức năng: deleteQuiz() | Thời gian thực hiện: 11 ms
2026-07-16 14:26:17.319 [http-nio-8080-exec-5] INFO  project_backend.aspect.AppAspect - User: Anonymous | Chức năng: isCheckBlacklist() | Thời gian thực hiện: 4 ms
2026-07-16 14:26:17.340 [http-nio-8080-exec-5] INFO  project_backend.aspect.AppAspect - User: huyhoan13032006 | Chức năng: findMyQuizzes() | Thời gian thực hiện: 10 ms
2026-07-16 14:26:18.362 [http-nio-8080-exec-6] INFO  project_backend.aspect.AppAspect - User: Anonymous | Chức năng: isCheckBlacklist() | Thời gian thực hiện: 2 ms
2026-07-16 14:26:18.380 [http-nio-8080-exec-6] INFO  project_backend.aspect.AppAspect - User: huyhoan13032006 | Chức năng: deleteQuiz() | Thời gian thực hiện: 8 ms
2026-07-16 14:26:18.398 [http-nio-8080-exec-8] INFO  project_backend.aspect.AppAspect - User: Anonymous | Chức năng: isCheckBlacklist() | Thời gian thực hiện: 1 ms
2026-07-16 14:26:18.427 [http-nio-8080-exec-8] INFO  project_backend.aspect.AppAspect - User: huyhoan13032006 | Chức năng: findMyQuizzes() | Thời gian thực hiện: 20 ms
2026-07-16 14:26:20.122 [http-nio-8080-exec-9] INFO  project_backend.aspect.AppAspect - User: Anonymous | Chức năng: isCheckBlacklist() | Thời gian thực hiện: 2 ms
2026-07-16 14:26:20.136 [http-nio-8080-exec-9] INFO  project_backend.aspect.AppAspect - User: huyhoan13032006 | Chức năng: deleteQuiz() | Thời gian thực hiện: 5 ms
2026-07-16 14:26:20.164 [http-nio-8080-exec-10] INFO  project_backend.aspect.AppAspect - User: Anonymous | Chức năng: isCheckBlacklist() | Thời gian thực hiện: 4 ms
2026-07-16 14:26:20.177 [http-nio-8080-exec-10] INFO  project_backend.aspect.AppAspect - User: huyhoan13032006 | Chức năng: findMyQuizzes() | Thời gian thực hiện: 1 ms
2026-07-16 14:26:31.240 [http-nio-8080-exec-7] INFO  project_backend.aspect.AppAspect - User: Anonymous | Chức năng: isCheckBlacklist() | Thời gian thực hiện: 1 ms
2026-07-16 14:26:31.245 [http-nio-8080-exec-7] INFO  project_backend.aspect.AppAspect - User: huyhoan13032006 | Chức năng: getCurrentUser() | Thời gian thực hiện: 0 ms
2026-07-16 14:26:31.258 [http-nio-8080-exec-1] INFO  project_backend.aspect.AppAspect - User: Anonymous | Chức năng: isCheckBlacklist() | Thời gian thực hiện: 1 ms
2026-07-16 14:26:31.263 [http-nio-8080-exec-1] INFO  project_backend.aspect.AppAspect - User: huyhoan13032006 | Chức năng: getCurrentUser() | Thời gian thực hiện: 2 ms
2026-07-16 14:26:31.786 [http-nio-8080-exec-2] INFO  project_backend.aspect.AppAspect - User: Anonymous | Chức năng: isCheckBlacklist() | Thời gian thực hiện: 1 ms
2026-07-16 14:26:31.796 [http-nio-8080-exec-2] INFO  project_backend.aspect.AppAspect - User: huyhoan13032006 | Chức năng: getCurrentUser() | Thời gian thực hiện: 6 ms
2026-07-16 14:26:31.802 [http-nio-8080-exec-3] INFO  project_backend.aspect.AppAspect - User: Anonymous | Chức năng: isCheckBlacklist() | Thời gian thực hiện: 1 ms
2026-07-16 14:26:31.804 [http-nio-8080-exec-3] INFO  project_backend.aspect.AppAspect - User: huyhoan13032006 | Chức năng: getCurrentUser() | Thời gian thực hiện: 0 ms
2026-07-16 14:26:33.159 [http-nio-8080-exec-4] INFO  project_backend.aspect.AppAspect - User: Anonymous | Chức năng: isCheckBlacklist() | Thời gian thực hiện: 1 ms
2026-07-16 14:26:33.169 [http-nio-8080-exec-5] INFO  project_backend.aspect.AppAspect - User: Anonymous | Chức năng: isCheckBlacklist() | Thời gian thực hiện: 5 ms
2026-07-16 14:26:33.176 [http-nio-8080-exec-4] INFO  project_backend.aspect.AppAspect - User: huyhoan13032006 | Chức năng: getCurrentUser() | Thời gian thực hiện: 3 ms
2026-07-16 14:26:33.187 [http-nio-8080-exec-6] INFO  project_backend.aspect.AppAspect - User: Anonymous | Chức năng: isCheckBlacklist() | Thời gian thực hiện: 2 ms
2026-07-16 14:26:33.188 [http-nio-8080-exec-8] INFO  project_backend.aspect.AppAspect - User: Anonymous | Chức năng: isCheckBlacklist() | Thời gian thực hiện: 1 ms
2026-07-16 14:26:33.191 [http-nio-8080-exec-6] INFO  project_backend.aspect.AppAspect - User: huyhoan13032006 | Chức năng: getCurrentUser() | Thời gian thực hiện: 0 ms
2026-07-16 14:26:33.880 [http-nio-8080-exec-9] INFO  project_backend.aspect.AppAspect - User: Anonymous | Chức năng: isCheckBlacklist() | Thời gian thực hiện: 2 ms
2026-07-16 14:26:33.888 [http-nio-8080-exec-9] INFO  project_backend.aspect.AppAspect - User: huyhoan13032006 | Chức năng: getCurrentUser() | Thời gian thực hiện: 3 ms
2026-07-16 14:26:33.900 [http-nio-8080-exec-10] INFO  project_backend.aspect.AppAspect - User: Anonymous | Chức năng: isCheckBlacklist() | Thời gian thực hiện: 2 ms
2026-07-16 14:26:33.904 [http-nio-8080-exec-10] INFO  project_backend.aspect.AppAspect - User: huyhoan13032006 | Chức năng: getCurrentUser() | Thời gian thực hiện: 0 ms
2026-07-16 14:26:35.530 [http-nio-8080-exec-7] INFO  project_backend.aspect.AppAspect - User: Anonymous | Chức năng: isCheckBlacklist() | Thời gian thực hiện: 2 ms
2026-07-16 14:26:35.553 [http-nio-8080-exec-7] INFO  project_backend.aspect.AppAspect - User: huyhoan13032006 | Chức năng: findPublicQuizzes() | Thời gian thực hiện: 16 ms
2026-07-16 14:26:41.746 [http-nio-8080-exec-1] INFO  project_backend.aspect.AppAspect - User: Anonymous | Chức năng: isCheckBlacklist() | Thời gian thực hiện: 2 ms
2026-07-16 14:26:41.786 [http-nio-8080-exec-1] INFO  project_backend.aspect.AppAspect - User: huyhoan13032006 | Chức năng: findQuizSummaryByCode() | Thời gian thực hiện: 22 ms
2026-07-16 14:26:41.802 [http-nio-8080-exec-2] INFO  project_backend.aspect.AppAspect - User: Anonymous | Chức năng: isCheckBlacklist() | Thời gian thực hiện: 16 ms
2026-07-16 14:26:41.808 [http-nio-8080-exec-2] INFO  project_backend.aspect.AppAspect - User: huyhoan13032006 | Chức năng: findQuizSummaryByCode() | Thời gian thực hiện: 0 ms
2026-07-16 14:26:43.738 [http-nio-8080-exec-3] INFO  project_backend.aspect.AppAspect - User: Anonymous | Chức năng: isCheckBlacklist() | Thời gian thực hiện: 2 ms
2026-07-16 14:26:43.745 [http-nio-8080-exec-3] INFO  project_backend.aspect.AppAspect - User: huyhoan13032006 | Chức năng: getCurrentUser() | Thời gian thực hiện: 1 ms
2026-07-16 14:26:43.760 [http-nio-8080-exec-4] INFO  project_backend.aspect.AppAspect - User: Anonymous | Chức năng: isCheckBlacklist() | Thời gian thực hiện: 1 ms
2026-07-16 14:26:43.763 [http-nio-8080-exec-4] INFO  project_backend.aspect.AppAspect - User: huyhoan13032006 | Chức năng: getCurrentUser() | Thời gian thực hiện: 0 ms
2026-07-16 14:26:44.665 [http-nio-8080-exec-5] INFO  project_backend.aspect.AppAspect - User: Anonymous | Chức năng: isCheckBlacklist() | Thời gian thực hiện: 2 ms
2026-07-16 14:26:44.665 [http-nio-8080-exec-8] INFO  project_backend.aspect.AppAspect - User: Anonymous | Chức năng: isCheckBlacklist() | Thời gian thực hiện: 2 ms
2026-07-16 14:26:44.675 [http-nio-8080-exec-5] INFO  project_backend.aspect.AppAspect - User: huyhoan13032006 | Chức năng: getCurrentUser() | Thời gian thực hiện: 3 ms
2026-07-16 14:26:44.683 [http-nio-8080-exec-8] INFO  project_backend.aspect.AppAspect - User: huyhoan13032006 | Chức năng: findMyQuizzes() | Thời gian thực hiện: 11 ms
2026-07-16 14:26:44.689 [http-nio-8080-exec-6] INFO  project_backend.aspect.AppAspect - User: Anonymous | Chức năng: isCheckBlacklist() | Thời gian thực hiện: 1 ms
2026-07-16 14:26:44.694 [http-nio-8080-exec-9] INFO  project_backend.aspect.AppAspect - User: Anonymous | Chức năng: isCheckBlacklist() | Thời gian thực hiện: 2 ms
2026-07-16 14:26:44.694 [http-nio-8080-exec-6] INFO  project_backend.aspect.AppAspect - User: huyhoan13032006 | Chức năng: getCurrentUser() | Thời gian thực hiện: 2 ms
2026-07-16 14:26:44.696 [http-nio-8080-exec-9] INFO  project_backend.aspect.AppAspect - User: huyhoan13032006 | Chức năng: findMyQuizzes() | Thời gian thực hiện: 0 ms
2026-07-16 14:26:45.944 [http-nio-8080-exec-10] INFO  project_backend.aspect.AppAspect - User: Anonymous | Chức năng: isCheckBlacklist() | Thời gian thực hiện: 7 ms
2026-07-16 14:26:45.951 [http-nio-8080-exec-10] INFO  project_backend.aspect.AppAspect - User: huyhoan13032006 | Chức năng: getCurrentUser() | Thời gian thực hiện: 3 ms
2026-07-16 14:26:45.962 [http-nio-8080-exec-7] INFO  project_backend.aspect.AppAspect - User: Anonymous | Chức năng: isCheckBlacklist() | Thời gian thực hiện: 1 ms
2026-07-16 14:26:45.968 [http-nio-8080-exec-7] INFO  project_backend.aspect.AppAspect - User: huyhoan13032006 | Chức năng: getCurrentUser() | Thời gian thực hiện: 3 ms
2026-07-16 14:26:47.120 [http-nio-8080-exec-1] INFO  project_backend.aspect.AppAspect - User: Anonymous | Chức năng: isCheckBlacklist() | Thời gian thực hiện: 1 ms
2026-07-16 14:26:47.122 [http-nio-8080-exec-2] INFO  project_backend.aspect.AppAspect - User: Anonymous | Chức năng: isCheckBlacklist() | Thời gian thực hiện: 2 ms
2026-07-16 14:26:47.128 [http-nio-8080-exec-1] INFO  project_backend.aspect.AppAspect - User: huyhoan13032006 | Chức năng: getCurrentUser() | Thời gian thực hiện: 2 ms
2026-07-16 14:26:47.139 [http-nio-8080-exec-2] INFO  project_backend.aspect.AppAspect - User: huyhoan13032006 | Chức năng: findMyQuizzes() | Thời gian thực hiện: 12 ms
2026-07-16 14:26:47.139 [http-nio-8080-exec-3] INFO  project_backend.aspect.AppAspect - User: Anonymous | Chức năng: isCheckBlacklist() | Thời gian thực hiện: 0 ms
2026-07-16 14:26:47.143 [http-nio-8080-exec-4] INFO  project_backend.aspect.AppAspect - User: Anonymous | Chức năng: isCheckBlacklist() | Thời gian thực hiện: 0 ms
2026-07-16 14:26:47.143 [http-nio-8080-exec-3] INFO  project_backend.aspect.AppAspect - User: huyhoan13032006 | Chức năng: getCurrentUser() | Thời gian thực hiện: 0 ms
2026-07-16 14:26:47.154 [http-nio-8080-exec-4] INFO  project_backend.aspect.AppAspect - User: huyhoan13032006 | Chức năng: findMyQuizzes() | Thời gian thực hiện: 5 ms
2026-07-16 14:26:49.200 [http-nio-8080-exec-5] INFO  project_backend.aspect.AppAspect - User: Anonymous | Chức năng: isCheckBlacklist() | Thời gian thực hiện: 2 ms
2026-07-16 14:26:49.210 [http-nio-8080-exec-5] INFO  project_backend.aspect.AppAspect - User: huyhoan13032006 | Chức năng: getCurrentUser() | Thời gian thực hiện: 4 ms
2026-07-16 14:26:49.218 [http-nio-8080-exec-8] INFO  project_backend.aspect.AppAspect - User: Anonymous | Chức năng: isCheckBlacklist() | Thời gian thực hiện: 1 ms
2026-07-16 14:26:49.224 [http-nio-8080-exec-8] INFO  project_backend.aspect.AppAspect - User: huyhoan13032006 | Chức năng: getCurrentUser() | Thời gian thực hiện: 6 ms
2026-07-16 14:27:18.894 [http-nio-8080-exec-1] INFO  project_backend.aspect.AppAspect - User: anonymousUser | Chức năng: login() | Thời gian thực hiện: 218 ms
2026-07-16 14:27:18.938 [http-nio-8080-exec-2] INFO  project_backend.aspect.AppAspect - User: Anonymous | Chức năng: isCheckBlacklist() | Thời gian thực hiện: 1 ms
2026-07-16 14:27:18.941 [http-nio-8080-exec-3] INFO  project_backend.aspect.AppAspect - User: Anonymous | Chức năng: isCheckBlacklist() | Thời gian thực hiện: 3 ms
2026-07-16 14:27:18.949 [http-nio-8080-exec-2] INFO  project_backend.aspect.AppAspect - User: huyhoan13032006 | Chức năng: getCurrentUser() | Thời gian thực hiện: 4 ms
2026-07-16 14:27:18.960 [http-nio-8080-exec-4] INFO  project_backend.aspect.AppAspect - User: Anonymous | Chức năng: isCheckBlacklist() | Thời gian thực hiện: 0 ms
2026-07-16 14:27:18.960 [http-nio-8080-exec-5] INFO  project_backend.aspect.AppAspect - User: Anonymous | Chức năng: isCheckBlacklist() | Thời gian thực hiện: 0 ms
2026-07-16 14:27:18.960 [http-nio-8080-exec-5] INFO  project_backend.aspect.AppAspect - User: huyhoan13032006 | Chức năng: getCurrentUser() | Thời gian thực hiện: 0 ms
2026-07-16 14:27:32.851 [http-nio-8080-exec-8] INFO  project_backend.aspect.AppAspect - User: Anonymous | Chức năng: isCheckBlacklist() | Thời gian thực hiện: 2 ms
2026-07-16 14:27:33.063 [http-nio-8080-exec-8] INFO  project_backend.aspect.AppAspect - User: huyhoan13032006 | Chức năng: login() | Thời gian thực hiện: 197 ms
2026-07-16 14:27:33.118 [http-nio-8080-exec-6] INFO  project_backend.aspect.AppAspect - User: Anonymous | Chức năng: isCheckBlacklist() | Thời gian thực hiện: 2 ms
2026-07-16 14:27:33.119 [http-nio-8080-exec-9] INFO  project_backend.aspect.AppAspect - User: Anonymous | Chức năng: isCheckBlacklist() | Thời gian thực hiện: 1 ms
2026-07-16 14:27:33.123 [http-nio-8080-exec-6] INFO  project_backend.aspect.AppAspect - User: huyhoan13032006 | Chức năng: getCurrentUser() | Thời gian thực hiện: 0 ms
2026-07-16 14:27:33.138 [http-nio-8080-exec-7] INFO  project_backend.aspect.AppAspect - User: Anonymous | Chức năng: isCheckBlacklist() | Thời gian thực hiện: 0 ms
2026-07-16 14:27:33.138 [http-nio-8080-exec-10] INFO  project_backend.aspect.AppAspect - User: Anonymous | Chức năng: isCheckBlacklist() | Thời gian thực hiện: 0 ms
2026-07-16 14:27:33.147 [http-nio-8080-exec-10] INFO  project_backend.aspect.AppAspect - User: huyhoan13032006 | Chức năng: getCurrentUser() | Thời gian thực hiện: 9 ms
2026-07-16 14:27:35.014 [http-nio-8080-exec-1] INFO  project_backend.aspect.AppAspect - User: Anonymous | Chức năng: isCheckBlacklist() | Thời gian thực hiện: 2 ms
2026-07-16 14:27:35.015 [http-nio-8080-exec-3] INFO  project_backend.aspect.AppAspect - User: Anonymous | Chức năng: isCheckBlacklist() | Thời gian thực hiện: 1 ms
2026-07-16 14:27:35.021 [http-nio-8080-exec-1] INFO  project_backend.aspect.AppAspect - User: huyhoan13032006 | Chức năng: getCurrentUser() | Thời gian thực hiện: 2 ms
2026-07-16 14:27:35.027 [http-nio-8080-exec-3] INFO  project_backend.aspect.AppAspect - User: huyhoan13032006 | Chức năng: findMyQuizzes() | Thời gian thực hiện: 8 ms
2026-07-16 14:27:35.030 [http-nio-8080-exec-2] INFO  project_backend.aspect.AppAspect - User: Anonymous | Chức năng: isCheckBlacklist() | Thời gian thực hiện: 1 ms
2026-07-16 14:27:35.037 [http-nio-8080-exec-4] INFO  project_backend.aspect.AppAspect - User: Anonymous | Chức năng: isCheckBlacklist() | Thời gian thực hiện: 1 ms
2026-07-16 14:27:35.038 [http-nio-8080-exec-2] INFO  project_backend.aspect.AppAspect - User: huyhoan13032006 | Chức năng: getCurrentUser() | Thời gian thực hiện: 2 ms
2026-07-16 14:27:35.043 [http-nio-8080-exec-4] INFO  project_backend.aspect.AppAspect - User: huyhoan13032006 | Chức năng: findMyQuizzes() | Thời gian thực hiện: 4 ms
2026-07-16 14:27:37.076 [http-nio-8080-exec-5] INFO  project_backend.aspect.AppAspect - User: Anonymous | Chức năng: isCheckBlacklist() | Thời gian thực hiện: 1 ms
2026-07-16 14:27:37.094 [http-nio-8080-exec-5] INFO  project_backend.aspect.AppAspect - User: huyhoan13032006 | Chức năng: deleteQuiz() | Thời gian thực hiện: 12 ms
2026-07-16 14:27:37.116 [http-nio-8080-exec-8] INFO  project_backend.aspect.AppAspect - User: Anonymous | Chức năng: isCheckBlacklist() | Thời gian thực hiện: 2 ms
2026-07-16 14:27:37.132 [http-nio-8080-exec-8] INFO  project_backend.aspect.AppAspect - User: huyhoan13032006 | Chức năng: findMyQuizzes() | Thời gian thực hiện: 11 ms
2026-07-16 14:27:39.645 [http-nio-8080-exec-6] INFO  project_backend.aspect.AppAspect - User: Anonymous | Chức năng: isCheckBlacklist() | Thời gian thực hiện: 0 ms
2026-07-16 14:27:39.645 [http-nio-8080-exec-9] INFO  project_backend.aspect.AppAspect - User: Anonymous | Chức năng: isCheckBlacklist() | Thời gian thực hiện: 0 ms
2026-07-16 14:27:39.653 [http-nio-8080-exec-6] INFO  project_backend.aspect.AppAspect - User: huyhoan13032006 | Chức năng: getCurrentUser() | Thời gian thực hiện: 2 ms
2026-07-16 14:27:39.717 [http-nio-8080-exec-9] INFO  project_backend.aspect.AppAspect - User: huyhoan13032006 | Chức năng: getMyQuizManageDetail() | Thời gian thực hiện: 65 ms
2026-07-16 14:30:53.549 [Thread-1] INFO  com.zaxxer.hikari.HikariDataSource - HikariPool-1 - Shutdown initiated...
2026-07-16 14:30:53.556 [Thread-1] INFO  com.zaxxer.hikari.HikariDataSource - HikariPool-1 - Shutdown completed.
2026-07-16 14:30:53.731 [restartedMain] INFO  project_backend.BackendApplication - Starting BackendApplication using Java 17.0.18 with PID 26332 (D:\HOC_LAP_TRINH\Qivora\Backend\build\classes\java\main started by HUY HOAN in D:\HOC_LAP_TRINH\Qivora\Backend)
2026-07-16 14:30:53.731 [restartedMain] INFO  project_backend.BackendApplication - No active profile set, falling back to 1 default profile: "default"
2026-07-16 14:30:55.229 [restartedMain] INFO  com.zaxxer.hikari.HikariDataSource - HikariPool-2 - Starting...
2026-07-16 14:30:55.300 [restartedMain] INFO  com.zaxxer.hikari.pool.HikariPool - HikariPool-2 - Added connection org.postgresql.jdbc.PgConnection@40189915
2026-07-16 14:30:55.300 [restartedMain] INFO  com.zaxxer.hikari.HikariDataSource - HikariPool-2 - Start completed.
2026-07-16 14:30:56.563 [restartedMain] INFO  com.zaxxer.hikari.HikariDataSource - HikariPool-2 - Shutdown initiated...
2026-07-16 14:30:56.653 [restartedMain] INFO  com.zaxxer.hikari.HikariDataSource - HikariPool-2 - Shutdown completed.
2026-07-16 14:30:58.191 [restartedMain] INFO  project_backend.BackendApplication - Starting BackendApplication using Java 17.0.18 with PID 26332 (D:\HOC_LAP_TRINH\Qivora\Backend\build\classes\java\main started by HUY HOAN in D:\HOC_LAP_TRINH\Qivora\Backend)
2026-07-16 14:30:58.191 [restartedMain] INFO  project_backend.BackendApplication - No active profile set, falling back to 1 default profile: "default"
2026-07-16 14:30:59.142 [restartedMain] INFO  com.zaxxer.hikari.HikariDataSource - HikariPool-3 - Starting...
2026-07-16 14:30:59.212 [restartedMain] INFO  com.zaxxer.hikari.pool.HikariPool - HikariPool-3 - Added connection org.postgresql.jdbc.PgConnection@499b1937
2026-07-16 14:30:59.212 [restartedMain] INFO  com.zaxxer.hikari.HikariDataSource - HikariPool-3 - Start completed.
2026-07-16 14:31:00.835 [restartedMain] INFO  project_backend.BackendApplication - Started BackendApplication in 2.679 seconds (process running for 868.507)
2026-07-16 14:31:13.943 [http-nio-8080-exec-1] INFO  project_backend.aspect.AppAspect - User: Anonymous | Chức năng: isCheckBlacklist() | Thời gian thực hiện: 78 ms
2026-07-16 14:31:13.943 [http-nio-8080-exec-2] INFO  project_backend.aspect.AppAspect - User: Anonymous | Chức năng: isCheckBlacklist() | Thời gian thực hiện: 79 ms
2026-07-16 14:31:14.057 [http-nio-8080-exec-1] INFO  project_backend.aspect.AppAspect - User: huyhoan13032006 | Chức năng: getCurrentUser() | Thời gian thực hiện: 9 ms
2026-07-16 14:31:14.082 [http-nio-8080-exec-2] INFO  project_backend.aspect.AppAspect - User: huyhoan13032006 | Chức năng: findMyQuizzes() | Thời gian thực hiện: 34 ms
2026-07-16 14:31:16.436 [http-nio-8080-exec-4] INFO  project_backend.aspect.AppAspect - User: Anonymous | Chức năng: isCheckBlacklist() | Thời gian thực hiện: 2 ms
2026-07-16 14:31:16.456 [http-nio-8080-exec-4] INFO  project_backend.aspect.AppAspect - User: huyhoan13032006 | Chức năng: deleteQuiz() | Thời gian thực hiện: 17 ms
2026-07-16 14:31:16.522 [http-nio-8080-exec-5] INFO  project_backend.aspect.AppAspect - User: Anonymous | Chức năng: isCheckBlacklist() | Thời gian thực hiện: 3 ms
2026-07-16 14:31:16.548 [http-nio-8080-exec-5] INFO  project_backend.aspect.AppAspect - User: huyhoan13032006 | Chức năng: findMyQuizzes() | Thời gian thực hiện: 16 ms
2026-07-16 14:31:20.216 [http-nio-8080-exec-3] INFO  project_backend.aspect.AppAspect - User: Anonymous | Chức năng: isCheckBlacklist() | Thời gian thực hiện: 1 ms
2026-07-16 14:31:20.221 [http-nio-8080-exec-3] INFO  project_backend.aspect.AppAspect - User: huyhoan13032006 | Chức năng: getCurrentUser() | Thời gian thực hiện: 0 ms
2026-07-16 14:31:20.233 [http-nio-8080-exec-7] INFO  project_backend.aspect.AppAspect - User: Anonymous | Chức năng: isCheckBlacklist() | Thời gian thực hiện: 2 ms
2026-07-16 14:31:20.233 [http-nio-8080-exec-7] INFO  project_backend.aspect.AppAspect - User: huyhoan13032006 | Chức năng: getCurrentUser() | Thời gian thực hiện: 0 ms
2026-07-16 14:31:20.955 [http-nio-8080-exec-6] INFO  project_backend.aspect.AppAspect - User: Anonymous | Chức năng: isCheckBlacklist() | Thời gian thực hiện: 1 ms
2026-07-16 14:31:20.975 [http-nio-8080-exec-6] INFO  project_backend.aspect.AppAspect - User: huyhoan13032006 | Chức năng: findPublicQuizzes() | Thời gian thực hiện: 12 ms
2026-07-16 14:31:25.800 [http-nio-8080-exec-8] INFO  project_backend.aspect.AppAspect - User: Anonymous | Chức năng: isCheckBlacklist() | Thời gian thực hiện: 1 ms
2026-07-16 14:31:25.801 [http-nio-8080-exec-9] INFO  project_backend.aspect.AppAspect - User: Anonymous | Chức năng: isCheckBlacklist() | Thời gian thực hiện: 1 ms
2026-07-16 14:31:25.813 [http-nio-8080-exec-8] INFO  project_backend.aspect.AppAspect - User: huyhoan13032006 | Chức năng: getCurrentUser() | Thời gian thực hiện: 6 ms
2026-07-16 14:31:25.815 [http-nio-8080-exec-9] INFO  project_backend.aspect.AppAspect - User: huyhoan13032006 | Chức năng: findMyQuizzes() | Thời gian thực hiện: 8 ms
2026-07-16 14:31:25.817 [http-nio-8080-exec-10] INFO  project_backend.aspect.AppAspect - User: Anonymous | Chức năng: isCheckBlacklist() | Thời gian thực hiện: 0 ms
2026-07-16 14:31:25.817 [http-nio-8080-exec-1] INFO  project_backend.aspect.AppAspect - User: Anonymous | Chức năng: isCheckBlacklist() | Thời gian thực hiện: 0 ms
2026-07-16 14:31:25.817 [http-nio-8080-exec-10] INFO  project_backend.aspect.AppAspect - User: huyhoan13032006 | Chức năng: getCurrentUser() | Thời gian thực hiện: 0 ms
2026-07-16 14:31:25.817 [http-nio-8080-exec-1] INFO  project_backend.aspect.AppAspect - User: huyhoan13032006 | Chức năng: findMyQuizzes() | Thời gian thực hiện: 0 ms
2026-07-16 14:48:30.009 [http-nio-8080-exec-7] INFO  project_backend.aspect.AppAspect - User: anonymousUser | Chức năng: login() | Thời gian thực hiện: 290 ms
2026-07-16 14:48:30.074 [http-nio-8080-exec-6] INFO  project_backend.aspect.AppAspect - User: Anonymous | Chức năng: isCheckBlacklist() | Thời gian thực hiện: 3 ms
2026-07-16 14:48:30.080 [http-nio-8080-exec-8] INFO  project_backend.aspect.AppAspect - User: Anonymous | Chức năng: isCheckBlacklist() | Thời gian thực hiện: 3 ms
2026-07-16 14:48:30.084 [http-nio-8080-exec-6] INFO  project_backend.aspect.AppAspect - User: huyhoan13032006 | Chức năng: getCurrentUser() | Thời gian thực hiện: 1 ms
2026-07-16 14:48:30.090 [http-nio-8080-exec-9] INFO  project_backend.aspect.AppAspect - User: Anonymous | Chức năng: isCheckBlacklist() | Thời gian thực hiện: 0 ms
2026-07-16 14:48:30.090 [http-nio-8080-exec-10] INFO  project_backend.aspect.AppAspect - User: Anonymous | Chức năng: isCheckBlacklist() | Thời gian thực hiện: 0 ms
2026-07-16 14:48:30.090 [http-nio-8080-exec-9] INFO  project_backend.aspect.AppAspect - User: huyhoan13032006 | Chức năng: getCurrentUser() | Thời gian thực hiện: 0 ms
2026-07-16 14:48:31.676 [http-nio-8080-exec-1] INFO  project_backend.aspect.AppAspect - User: Anonymous | Chức năng: isCheckBlacklist() | Thời gian thực hiện: 0 ms
2026-07-16 14:48:31.683 [http-nio-8080-exec-1] INFO  project_backend.aspect.AppAspect - User: huyhoan13032006 | Chức năng: getCurrentUser() | Thời gian thực hiện: 7 ms
2026-07-16 14:48:31.691 [http-nio-8080-exec-4] INFO  project_backend.aspect.AppAspect - User: Anonymous | Chức năng: isCheckBlacklist() | Thời gian thực hiện: 2 ms
2026-07-16 14:48:31.699 [http-nio-8080-exec-4] INFO  project_backend.aspect.AppAspect - User: huyhoan13032006 | Chức năng: getCurrentUser() | Thời gian thực hiện: 2 ms
2026-07-16 14:48:49.080 [http-nio-8080-exec-2] INFO  project_backend.aspect.AppAspect - User: Anonymous | Chức năng: isCheckBlacklist() | Thời gian thực hiện: 1 ms
2026-07-16 14:48:52.990 [http-nio-8080-exec-2] INFO  project_backend.aspect.AppAspect - User: huyhoan13032006 | Chức năng: uploadAvatar() | Thời gian thực hiện: 3835 ms
2026-07-16 14:48:52.999 [http-nio-8080-exec-2] INFO  project_backend.aspect.AppAspect - User: huyhoan13032006 | Chức năng: updateAvatar() | Thời gian thực hiện: 3849 ms
2026-07-16 14:49:26.489 [http-nio-8080-exec-5] INFO  project_backend.aspect.AppAspect - User: Anonymous | Chức năng: isCheckBlacklist() | Thời gian thực hiện: 2 ms
2026-07-16 14:49:26.511 [http-nio-8080-exec-5] INFO  project_backend.aspect.AppAspect - User: huyhoan13032006 | Chức năng: isCheckBlacklist() | Thời gian thực hiện: 0 ms
2026-07-16 14:49:27.105 [http-nio-8080-exec-5] INFO  project_backend.aspect.AppAspect - User: huyhoan13032006 | Chức năng: blacklistToken() | Thời gian thực hiện: 40 ms
2026-07-16 14:49:27.105 [http-nio-8080-exec-5] INFO  project_backend.aspect.AppAspect - User: huyhoan13032006 | Chức năng: blacklistToken() | Thời gian thực hiện: 0 ms
2026-07-16 14:49:27.105 [http-nio-8080-exec-5] INFO  project_backend.aspect.AppAspect - User: huyhoan13032006 | Chức năng: changePassword() | Thời gian thực hiện: 594 ms
2026-07-16 14:50:39.925 [http-nio-8080-exec-7] INFO  project_backend.aspect.AppAspect - User: anonymousUser | Chức năng: login() | Thời gian thực hiện: 143 ms
2026-07-16 14:50:39.972 [http-nio-8080-exec-6] INFO  project_backend.aspect.AppAspect - User: Anonymous | Chức năng: isCheckBlacklist() | Thời gian thực hiện: 3 ms
2026-07-16 14:50:39.972 [http-nio-8080-exec-8] INFO  project_backend.aspect.AppAspect - User: Anonymous | Chức năng: isCheckBlacklist() | Thời gian thực hiện: 3 ms
2026-07-16 14:50:39.982 [http-nio-8080-exec-6] INFO  project_backend.aspect.AppAspect - User: huyhoan13032006 | Chức năng: getCurrentUser() | Thời gian thực hiện: 4 ms
2026-07-16 14:50:39.987 [http-nio-8080-exec-9] INFO  project_backend.aspect.AppAspect - User: Anonymous | Chức năng: isCheckBlacklist() | Thời gian thực hiện: 0 ms
2026-07-16 14:50:39.987 [http-nio-8080-exec-10] INFO  project_backend.aspect.AppAspect - User: Anonymous | Chức năng: isCheckBlacklist() | Thời gian thực hiện: 0 ms
2026-07-16 14:50:39.994 [http-nio-8080-exec-10] INFO  project_backend.aspect.AppAspect - User: huyhoan13032006 | Chức năng: getCurrentUser() | Thời gian thực hiện: 0 ms
2026-07-16 14:50:42.065 [http-nio-8080-exec-1] INFO  project_backend.aspect.AppAspect - User: Anonymous | Chức năng: isCheckBlacklist() | Thời gian thực hiện: 1 ms
2026-07-16 14:50:42.072 [http-nio-8080-exec-1] INFO  project_backend.aspect.AppAspect - User: huyhoan13032006 | Chức năng: getCurrentUser() | Thời gian thực hiện: 1 ms
2026-07-16 14:50:42.076 [http-nio-8080-exec-4] INFO  project_backend.aspect.AppAspect - User: Anonymous | Chức năng: isCheckBlacklist() | Thời gian thực hiện: 0 ms
2026-07-16 14:50:42.082 [http-nio-8080-exec-4] INFO  project_backend.aspect.AppAspect - User: huyhoan13032006 | Chức năng: getCurrentUser() | Thời gian thực hiện: 6 ms
2026-07-16 14:50:47.125 [http-nio-8080-exec-2] INFO  project_backend.aspect.AppAspect - User: Anonymous | Chức năng: isCheckBlacklist() | Thời gian thực hiện: 2 ms
2026-07-16 14:50:47.128 [http-nio-8080-exec-5] INFO  project_backend.aspect.AppAspect - User: Anonymous | Chức năng: isCheckBlacklist() | Thời gian thực hiện: 2 ms
2026-07-16 14:50:47.130 [http-nio-8080-exec-2] INFO  project_backend.aspect.AppAspect - User: huyhoan13032006 | Chức năng: getCurrentUser() | Thời gian thực hiện: 1 ms
2026-07-16 14:50:47.142 [http-nio-8080-exec-5] INFO  project_backend.aspect.AppAspect - User: huyhoan13032006 | Chức năng: findMyQuizzes() | Thời gian thực hiện: 9 ms
2026-07-16 14:50:47.142 [http-nio-8080-exec-3] INFO  project_backend.aspect.AppAspect - User: Anonymous | Chức năng: isCheckBlacklist() | Thời gian thực hiện: 1 ms
2026-07-16 14:50:47.144 [http-nio-8080-exec-3] INFO  project_backend.aspect.AppAspect - User: huyhoan13032006 | Chức năng: getCurrentUser() | Thời gian thực hiện: 0 ms
2026-07-16 14:50:47.144 [http-nio-8080-exec-7] INFO  project_backend.aspect.AppAspect - User: Anonymous | Chức năng: isCheckBlacklist() | Thời gian thực hiện: 0 ms
2026-07-16 14:50:47.144 [http-nio-8080-exec-7] INFO  project_backend.aspect.AppAspect - User: huyhoan13032006 | Chức năng: findMyQuizzes() | Thời gian thực hiện: 0 ms
2026-07-16 14:50:47.501 [http-nio-8080-exec-8] INFO  project_backend.aspect.AppAspect - User: Anonymous | Chức năng: isCheckBlacklist() | Thời gian thực hiện: 1 ms
2026-07-16 14:50:47.502 [http-nio-8080-exec-8] INFO  project_backend.aspect.AppAspect - User: huyhoan13032006 | Chức năng: getCurrentUser() | Thời gian thực hiện: 0 ms
2026-07-16 14:50:47.514 [http-nio-8080-exec-6] INFO  project_backend.aspect.AppAspect - User: Anonymous | Chức năng: isCheckBlacklist() | Thời gian thực hiện: 1 ms
2026-07-16 14:50:47.518 [http-nio-8080-exec-6] INFO  project_backend.aspect.AppAspect - User: huyhoan13032006 | Chức năng: getCurrentUser() | Thời gian thực hiện: 1 ms
2026-07-16 14:50:48.596 [http-nio-8080-exec-10] INFO  project_backend.aspect.AppAspect - User: Anonymous | Chức năng: isCheckBlacklist() | Thời gian thực hiện: 2 ms
2026-07-16 14:50:48.596 [http-nio-8080-exec-9] INFO  project_backend.aspect.AppAspect - User: Anonymous | Chức năng: isCheckBlacklist() | Thời gian thực hiện: 2 ms
2026-07-16 14:50:48.603 [http-nio-8080-exec-9] INFO  project_backend.aspect.AppAspect - User: huyhoan13032006 | Chức năng: getCurrentUser() | Thời gian thực hiện: 2 ms
2026-07-16 14:50:48.610 [http-nio-8080-exec-10] INFO  project_backend.aspect.AppAspect - User: huyhoan13032006 | Chức năng: findMyQuizzes() | Thời gian thực hiện: 9 ms
2026-07-16 14:50:48.616 [http-nio-8080-exec-1] INFO  project_backend.aspect.AppAspect - User: Anonymous | Chức năng: isCheckBlacklist() | Thời gian thực hiện: 0 ms
2026-07-16 14:50:48.616 [http-nio-8080-exec-4] INFO  project_backend.aspect.AppAspect - User: Anonymous | Chức năng: isCheckBlacklist() | Thời gian thực hiện: 0 ms
2026-07-16 14:50:48.616 [http-nio-8080-exec-1] INFO  project_backend.aspect.AppAspect - User: huyhoan13032006 | Chức năng: getCurrentUser() | Thời gian thực hiện: 0 ms
2026-07-16 14:50:48.624 [http-nio-8080-exec-4] INFO  project_backend.aspect.AppAspect - User: huyhoan13032006 | Chức năng: findMyQuizzes() | Thời gian thực hiện: 8 ms
2026-07-16 14:50:49.649 [http-nio-8080-exec-2] INFO  project_backend.aspect.AppAspect - User: Anonymous | Chức năng: isCheckBlacklist() | Thời gian thực hiện: 0 ms
2026-07-16 14:50:49.655 [http-nio-8080-exec-2] INFO  project_backend.aspect.AppAspect - User: huyhoan13032006 | Chức năng: getCurrentUser() | Thời gian thực hiện: 1 ms
2026-07-16 14:50:49.657 [http-nio-8080-exec-5] INFO  project_backend.aspect.AppAspect - User: Anonymous | Chức năng: isCheckBlacklist() | Thời gian thực hiện: 0 ms
2026-07-16 14:50:49.657 [http-nio-8080-exec-5] INFO  project_backend.aspect.AppAspect - User: huyhoan13032006 | Chức năng: getCurrentUser() | Thời gian thực hiện: 0 ms
2026-07-16 14:50:50.111 [http-nio-8080-exec-3] INFO  project_backend.aspect.AppAspect - User: Anonymous | Chức năng: isCheckBlacklist() | Thời gian thực hiện: 0 ms
2026-07-16 14:50:50.118 [http-nio-8080-exec-3] INFO  project_backend.aspect.AppAspect - User: huyhoan13032006 | Chức năng: getCurrentUser() | Thời gian thực hiện: 0 ms
2026-07-16 14:50:50.129 [http-nio-8080-exec-7] INFO  project_backend.aspect.AppAspect - User: Anonymous | Chức năng: isCheckBlacklist() | Thời gian thực hiện: 0 ms
2026-07-16 14:50:50.129 [http-nio-8080-exec-7] INFO  project_backend.aspect.AppAspect - User: huyhoan13032006 | Chức năng: getCurrentUser() | Thời gian thực hiện: 0 ms
2026-07-16 14:50:50.454 [http-nio-8080-exec-8] INFO  project_backend.aspect.AppAspect - User: Anonymous | Chức năng: isCheckBlacklist() | Thời gian thực hiện: 0 ms
2026-07-16 14:50:50.454 [http-nio-8080-exec-6] INFO  project_backend.aspect.AppAspect - User: Anonymous | Chức năng: isCheckBlacklist() | Thời gian thực hiện: 0 ms
2026-07-16 14:50:50.457 [http-nio-8080-exec-8] INFO  project_backend.aspect.AppAspect - User: huyhoan13032006 | Chức năng: getCurrentUser() | Thời gian thực hiện: 0 ms
2026-07-16 14:50:50.472 [http-nio-8080-exec-10] INFO  project_backend.aspect.AppAspect - User: Anonymous | Chức năng: isCheckBlacklist() | Thời gian thực hiện: 2 ms
2026-07-16 14:50:50.472 [http-nio-8080-exec-9] INFO  project_backend.aspect.AppAspect - User: Anonymous | Chức năng: isCheckBlacklist() | Thời gian thực hiện: 2 ms
2026-07-16 14:50:50.477 [http-nio-8080-exec-10] INFO  project_backend.aspect.AppAspect - User: huyhoan13032006 | Chức năng: getCurrentUser() | Thời gian thực hiện: 3 ms
2026-07-16 14:50:51.893 [http-nio-8080-exec-1] INFO  project_backend.aspect.AppAspect - User: Anonymous | Chức năng: isCheckBlacklist() | Thời gian thực hiện: 1 ms
2026-07-16 14:50:51.901 [http-nio-8080-exec-1] INFO  project_backend.aspect.AppAspect - User: huyhoan13032006 | Chức năng: blacklistToken() | Thời gian thực hiện: 1 ms
2026-07-16 14:50:51.901 [http-nio-8080-exec-1] INFO  project_backend.aspect.AppAspect - User: huyhoan13032006 | Chức năng: blacklistToken() | Thời gian thực hiện: 0 ms
2026-07-16 14:50:51.901 [http-nio-8080-exec-1] INFO  project_backend.aspect.AppAspect - User: huyhoan13032006 | Chức năng: logout() | Thời gian thực hiện: 3 ms
2026-07-16 15:07:07.271 [Thread-6] INFO  com.zaxxer.hikari.HikariDataSource - HikariPool-3 - Shutdown initiated...
2026-07-16 15:07:07.271 [Thread-6] INFO  com.zaxxer.hikari.HikariDataSource - HikariPool-3 - Shutdown completed.
2026-07-16 15:07:07.466 [restartedMain] INFO  project_backend.BackendApplication - Starting BackendApplication using Java 17.0.18 with PID 26332 (D:\HOC_LAP_TRINH\Qivora\Backend\build\classes\java\main started by HUY HOAN in D:\HOC_LAP_TRINH\Qivora\Backend)
2026-07-16 15:07:07.466 [restartedMain] INFO  project_backend.BackendApplication - No active profile set, falling back to 1 default profile: "default"
2026-07-16 15:07:08.548 [restartedMain] INFO  com.zaxxer.hikari.HikariDataSource - HikariPool-4 - Starting...
2026-07-16 15:07:08.643 [restartedMain] INFO  com.zaxxer.hikari.pool.HikariPool - HikariPool-4 - Added connection org.postgresql.jdbc.PgConnection@611209b9
2026-07-16 15:07:08.643 [restartedMain] INFO  com.zaxxer.hikari.HikariDataSource - HikariPool-4 - Start completed.
2026-07-16 15:07:09.678 [restartedMain] INFO  com.zaxxer.hikari.HikariDataSource - HikariPool-4 - Shutdown initiated...
2026-07-16 15:07:09.760 [restartedMain] INFO  com.zaxxer.hikari.HikariDataSource - HikariPool-4 - Shutdown completed.
2026-07-16 15:07:11.298 [restartedMain] INFO  project_backend.BackendApplication - Starting BackendApplication using Java 17.0.18 with PID 26332 (D:\HOC_LAP_TRINH\Qivora\Backend\build\classes\java\main started by HUY HOAN in D:\HOC_LAP_TRINH\Qivora\Backend)
2026-07-16 15:07:11.298 [restartedMain] INFO  project_backend.BackendApplication - No active profile set, falling back to 1 default profile: "default"
2026-07-16 15:07:12.630 [restartedMain] INFO  com.zaxxer.hikari.HikariDataSource - HikariPool-5 - Starting...
2026-07-16 15:07:12.743 [restartedMain] INFO  com.zaxxer.hikari.pool.HikariPool - HikariPool-5 - Added connection org.postgresql.jdbc.PgConnection@421aa722
2026-07-16 15:07:12.743 [restartedMain] INFO  com.zaxxer.hikari.HikariDataSource - HikariPool-5 - Start completed.
2026-07-16 15:07:16.112 [restartedMain] INFO  project_backend.BackendApplication - Started BackendApplication in 4.861 seconds (process running for 3043.792)
2026-07-16 15:10:59.504 [Thread-13] INFO  com.zaxxer.hikari.HikariDataSource - HikariPool-5 - Shutdown initiated...
2026-07-16 15:10:59.506 [Thread-13] INFO  com.zaxxer.hikari.HikariDataSource - HikariPool-5 - Shutdown completed.
2026-07-16 15:10:59.615 [restartedMain] INFO  project_backend.BackendApplication - Starting BackendApplication using Java 17.0.18 with PID 26332 (D:\HOC_LAP_TRINH\Qivora\Backend\build\classes\java\main started by HUY HOAN in D:\HOC_LAP_TRINH\Qivora\Backend)
2026-07-16 15:10:59.615 [restartedMain] INFO  project_backend.BackendApplication - No active profile set, falling back to 1 default profile: "default"
2026-07-16 15:11:00.434 [restartedMain] INFO  com.zaxxer.hikari.HikariDataSource - HikariPool-6 - Starting...
2026-07-16 15:11:00.481 [restartedMain] INFO  com.zaxxer.hikari.pool.HikariPool - HikariPool-6 - Added connection org.postgresql.jdbc.PgConnection@100cbefa
2026-07-16 15:11:00.482 [restartedMain] INFO  com.zaxxer.hikari.HikariDataSource - HikariPool-6 - Start completed.
2026-07-16 15:11:02.212 [restartedMain] INFO  project_backend.BackendApplication - Started BackendApplication in 2.635 seconds (process running for 3269.884)
2026-07-16 15:11:53.045 [http-nio-8080-exec-1] INFO  project_backend.aspect.AppAspect - User: anonymousUser | Chức năng: createFeedback() | Thời gian thực hiện: 15 ms
2026-07-16 15:12:53.590 [http-nio-8080-exec-4] INFO  project_backend.aspect.AppAspect - User: anonymousUser | Chức năng: createFeedback() | Thời gian thực hiện: 3 ms
2026-07-16 15:12:54.561 [Thread-20] INFO  com.zaxxer.hikari.HikariDataSource - HikariPool-6 - Shutdown initiated...
2026-07-16 15:12:54.563 [Thread-20] INFO  com.zaxxer.hikari.HikariDataSource - HikariPool-6 - Shutdown completed.
2026-07-16 15:12:54.731 [restartedMain] INFO  project_backend.BackendApplication - Starting BackendApplication using Java 17.0.18 with PID 26332 (D:\HOC_LAP_TRINH\Qivora\Backend\build\classes\java\main started by HUY HOAN in D:\HOC_LAP_TRINH\Qivora\Backend)
2026-07-16 15:12:54.733 [restartedMain] INFO  project_backend.BackendApplication - No active profile set, falling back to 1 default profile: "default"
2026-07-16 15:12:55.946 [restartedMain] INFO  com.zaxxer.hikari.HikariDataSource - HikariPool-7 - Starting...
2026-07-16 15:12:56.032 [restartedMain] INFO  com.zaxxer.hikari.pool.HikariPool - HikariPool-7 - Added connection org.postgresql.jdbc.PgConnection@4e9f28aa
2026-07-16 15:12:56.032 [restartedMain] INFO  com.zaxxer.hikari.HikariDataSource - HikariPool-7 - Start completed.
2026-07-16 15:12:57.194 [restartedMain] INFO  project_backend.BackendApplication - Started BackendApplication in 2.514 seconds (process running for 3384.867)
2026-07-16 15:13:01.320 [http-nio-8080-exec-1] INFO  project_backend.aspect.AppAspect - User: anonymousUser | Chức năng: createFeedback() | Thời gian thực hiện: 6 ms
2026-07-16 15:19:25.194 [Thread-24] INFO  com.zaxxer.hikari.HikariDataSource - HikariPool-7 - Shutdown initiated...
2026-07-16 15:19:25.196 [Thread-24] INFO  com.zaxxer.hikari.HikariDataSource - HikariPool-7 - Shutdown completed.
2026-07-16 15:19:25.331 [restartedMain] INFO  project_backend.BackendApplication - Starting BackendApplication using Java 17.0.18 with PID 26332 (D:\HOC_LAP_TRINH\Qivora\Backend\build\classes\java\main started by HUY HOAN in D:\HOC_LAP_TRINH\Qivora\Backend)
2026-07-16 15:19:25.332 [restartedMain] INFO  project_backend.BackendApplication - No active profile set, falling back to 1 default profile: "default"
2026-07-16 15:19:26.378 [restartedMain] INFO  com.zaxxer.hikari.HikariDataSource - HikariPool-8 - Starting...
2026-07-16 15:19:26.611 [restartedMain] INFO  com.zaxxer.hikari.pool.HikariPool - HikariPool-8 - Added connection org.postgresql.jdbc.PgConnection@1a0f36fb
2026-07-16 15:19:26.612 [restartedMain] INFO  com.zaxxer.hikari.HikariDataSource - HikariPool-8 - Start completed.
2026-07-16 15:19:28.460 [restartedMain] INFO  project_backend.BackendApplication - Started BackendApplication in 3.172 seconds (process running for 3776.132)
2026-07-16 15:29:20.101 [http-nio-8080-exec-2] INFO  project_backend.aspect.AppAspect - User: anonymousUser | Chức năng: login() | Thời gian thực hiện: 223 ms
2026-07-16 15:29:20.276 [http-nio-8080-exec-4] INFO  project_backend.aspect.AppAspect - User: Anonymous | Chức năng: isCheckBlacklist() | Thời gian thực hiện: 73 ms
2026-07-16 15:29:20.276 [http-nio-8080-exec-3] INFO  project_backend.aspect.AppAspect - User: Anonymous | Chức năng: isCheckBlacklist() | Thời gian thực hiện: 73 ms
2026-07-16 15:29:20.278 [http-nio-8080-exec-3] INFO  project_backend.aspect.AppAspect - User: huyhoan13032006 | Chức năng: getCurrentUser() | Thời gian thực hiện: 0 ms
2026-07-16 15:29:20.290 [http-nio-8080-exec-6] INFO  project_backend.aspect.AppAspect - User: Anonymous | Chức năng: isCheckBlacklist() | Thời gian thực hiện: 0 ms
2026-07-16 15:29:20.292 [http-nio-8080-exec-5] INFO  project_backend.aspect.AppAspect - User: Anonymous | Chức năng: isCheckBlacklist() | Thời gian thực hiện: 0 ms
2026-07-16 15:29:20.292 [http-nio-8080-exec-6] INFO  project_backend.aspect.AppAspect - User: huyhoan13032006 | Chức năng: getCurrentUser() | Thời gian thực hiện: 0 ms
2026-07-16 15:29:21.893 [http-nio-8080-exec-7] INFO  project_backend.aspect.AppAspect - User: Anonymous | Chức năng: isCheckBlacklist() | Thời gian thực hiện: 1 ms
2026-07-16 15:29:21.919 [http-nio-8080-exec-7] INFO  project_backend.aspect.AppAspect - User: huyhoan13032006 | Chức năng: blacklistToken() | Thời gian thực hiện: 4 ms
2026-07-16 15:29:21.920 [http-nio-8080-exec-7] INFO  project_backend.aspect.AppAspect - User: huyhoan13032006 | Chức năng: blacklistToken() | Thời gian thực hiện: 0 ms
2026-07-16 15:29:21.920 [http-nio-8080-exec-7] INFO  project_backend.aspect.AppAspect - User: huyhoan13032006 | Chức năng: logout() | Thời gian thực hiện: 20 ms
2026-07-16 15:41:08.178 [http-nio-8080-exec-8] INFO  project_backend.aspect.AppAspect - User: anonymousUser | Chức năng: login() | Thời gian thực hiện: 143 ms
2026-07-16 15:41:08.257 [http-nio-8080-exec-9] INFO  project_backend.aspect.AppAspect - User: Anonymous | Chức năng: isCheckBlacklist() | Thời gian thực hiện: 2 ms
2026-07-16 15:41:08.265 [http-nio-8080-exec-10] INFO  project_backend.aspect.AppAspect - User: Anonymous | Chức năng: isCheckBlacklist() | Thời gian thực hiện: 2 ms
2026-07-16 15:41:08.267 [http-nio-8080-exec-9] INFO  project_backend.aspect.AppAspect - User: huyhoan13032006 | Chức năng: getCurrentUser() | Thời gian thực hiện: 2 ms
2026-07-16 15:41:08.274 [http-nio-8080-exec-1] INFO  project_backend.aspect.AppAspect - User: Anonymous | Chức năng: isCheckBlacklist() | Thời gian thực hiện: 0 ms
2026-07-16 15:41:08.279 [http-nio-8080-exec-2] INFO  project_backend.aspect.AppAspect - User: Anonymous | Chức năng: isCheckBlacklist() | Thời gian thực hiện: 0 ms
2026-07-16 15:41:08.281 [http-nio-8080-exec-1] INFO  project_backend.aspect.AppAspect - User: huyhoan13032006 | Chức năng: getCurrentUser() | Thời gian thực hiện: 2 ms
2026-07-16 15:41:13.601 [http-nio-8080-exec-3] INFO  project_backend.aspect.AppAspect - User: Anonymous | Chức năng: isCheckBlacklist() | Thời gian thực hiện: 1 ms
2026-07-16 15:41:13.604 [http-nio-8080-exec-4] INFO  project_backend.aspect.AppAspect - User: Anonymous | Chức năng: isCheckBlacklist() | Thời gian thực hiện: 1 ms
2026-07-16 15:41:13.608 [http-nio-8080-exec-3] INFO  project_backend.aspect.AppAspect - User: huyhoan13032006 | Chức năng: getCurrentUser() | Thời gian thực hiện: 2 ms
2026-07-16 15:41:13.610 [http-nio-8080-exec-6] INFO  project_backend.aspect.AppAspect - User: Anonymous | Chức năng: isCheckBlacklist() | Thời gian thực hiện: 1 ms
2026-07-16 15:41:13.615 [http-nio-8080-exec-5] INFO  project_backend.aspect.AppAspect - User: Anonymous | Chức năng: isCheckBlacklist() | Thời gian thực hiện: 2 ms
2026-07-16 15:41:13.615 [http-nio-8080-exec-6] INFO  project_backend.aspect.AppAspect - User: huyhoan13032006 | Chức năng: getCurrentUser() | Thời gian thực hiện: 2 ms
2026-07-16 15:41:30.948 [http-nio-8080-exec-7] INFO  project_backend.aspect.AppAspect - User: Anonymous | Chức năng: isCheckBlacklist() | Thời gian thực hiện: 1 ms
2026-07-16 15:41:30.948 [http-nio-8080-exec-8] INFO  project_backend.aspect.AppAspect - User: Anonymous | Chức năng: isCheckBlacklist() | Thời gian thực hiện: 1 ms
2026-07-16 15:41:30.955 [http-nio-8080-exec-7] INFO  project_backend.aspect.AppAspect - User: huyhoan13032006 | Chức năng: getCurrentUser() | Thời gian thực hiện: 2 ms
2026-07-16 15:41:30.955 [http-nio-8080-exec-9] INFO  project_backend.aspect.AppAspect - User: Anonymous | Chức năng: isCheckBlacklist() | Thời gian thực hiện: 2 ms
2026-07-16 15:41:30.959 [http-nio-8080-exec-9] INFO  project_backend.aspect.AppAspect - User: huyhoan13032006 | Chức năng: getCurrentUser() | Thời gian thực hiện: 2 ms
2026-07-16 15:41:30.960 [http-nio-8080-exec-10] INFO  project_backend.aspect.AppAspect - User: Anonymous | Chức năng: isCheckBlacklist() | Thời gian thực hiện: 3 ms
2026-07-16 15:41:34.123 [http-nio-8080-exec-1] INFO  project_backend.aspect.AppAspect - User: Anonymous | Chức năng: isCheckBlacklist() | Thời gian thực hiện: 1 ms
2026-07-16 15:41:34.125 [http-nio-8080-exec-2] INFO  project_backend.aspect.AppAspect - User: Anonymous | Chức năng: isCheckBlacklist() | Thời gian thực hiện: 1 ms
2026-07-16 15:41:34.126 [http-nio-8080-exec-1] INFO  project_backend.aspect.AppAspect - User: huyhoan13032006 | Chức năng: getCurrentUser() | Thời gian thực hiện: 0 ms
2026-07-16 15:41:34.129 [http-nio-8080-exec-3] INFO  project_backend.aspect.AppAspect - User: Anonymous | Chức năng: isCheckBlacklist() | Thời gian thực hiện: 2 ms
2026-07-16 15:41:34.132 [http-nio-8080-exec-3] INFO  project_backend.aspect.AppAspect - User: huyhoan13032006 | Chức năng: getCurrentUser() | Thời gian thực hiện: 1 ms
2026-07-16 15:41:34.134 [http-nio-8080-exec-4] INFO  project_backend.aspect.AppAspect - User: Anonymous | Chức năng: isCheckBlacklist() | Thời gian thực hiện: 2 ms
2026-07-16 15:41:35.747 [http-nio-8080-exec-6] INFO  project_backend.aspect.AppAspect - User: Anonymous | Chức năng: isCheckBlacklist() | Thời gian thực hiện: 1 ms
2026-07-16 15:41:35.751 [http-nio-8080-exec-5] INFO  project_backend.aspect.AppAspect - User: Anonymous | Chức năng: isCheckBlacklist() | Thời gian thực hiện: 1 ms
2026-07-16 15:41:35.753 [http-nio-8080-exec-6] INFO  project_backend.aspect.AppAspect - User: huyhoan13032006 | Chức năng: getCurrentUser() | Thời gian thực hiện: 2 ms
2026-07-16 15:41:35.762 [http-nio-8080-exec-8] INFO  project_backend.aspect.AppAspect - User: Anonymous | Chức năng: isCheckBlacklist() | Thời gian thực hiện: 1 ms
2026-07-16 15:41:35.762 [http-nio-8080-exec-7] INFO  project_backend.aspect.AppAspect - User: Anonymous | Chức năng: isCheckBlacklist() | Thời gian thực hiện: 0 ms
2026-07-16 15:41:35.766 [http-nio-8080-exec-8] INFO  project_backend.aspect.AppAspect - User: huyhoan13032006 | Chức năng: getCurrentUser() | Thời gian thực hiện: 3 ms
2026-07-16 15:41:41.591 [http-nio-8080-exec-10] INFO  project_backend.aspect.AppAspect - User: Anonymous | Chức năng: isCheckBlacklist() | Thời gian thực hiện: 1 ms
2026-07-16 15:41:41.591 [http-nio-8080-exec-9] INFO  project_backend.aspect.AppAspect - User: Anonymous | Chức năng: isCheckBlacklist() | Thời gian thực hiện: 1 ms
2026-07-16 15:41:41.594 [http-nio-8080-exec-9] INFO  project_backend.aspect.AppAspect - User: huyhoan13032006 | Chức năng: getCurrentUser() | Thời gian thực hiện: 1 ms
2026-07-16 15:41:41.599 [http-nio-8080-exec-1] INFO  project_backend.aspect.AppAspect - User: Anonymous | Chức năng: isCheckBlacklist() | Thời gian thực hiện: 0 ms
2026-07-16 15:41:41.599 [http-nio-8080-exec-2] INFO  project_backend.aspect.AppAspect - User: Anonymous | Chức năng: isCheckBlacklist() | Thời gian thực hiện: 0 ms
2026-07-16 15:41:41.599 [http-nio-8080-exec-2] INFO  project_backend.aspect.AppAspect - User: huyhoan13032006 | Chức năng: getCurrentUser() | Thời gian thực hiện: 0 ms
2026-07-16 15:43:04.269 [http-nio-8080-exec-3] INFO  project_backend.aspect.AppAspect - User: Anonymous | Chức năng: isCheckBlacklist() | Thời gian thực hiện: 0 ms
2026-07-16 15:43:04.269 [http-nio-8080-exec-4] INFO  project_backend.aspect.AppAspect - User: Anonymous | Chức năng: isCheckBlacklist() | Thời gian thực hiện: 0 ms
2026-07-16 15:43:04.273 [http-nio-8080-exec-6] INFO  project_backend.aspect.AppAspect - User: Anonymous | Chức năng: isCheckBlacklist() | Thời gian thực hiện: 0 ms
2026-07-16 15:43:04.273 [http-nio-8080-exec-5] INFO  project_backend.aspect.AppAspect - User: Anonymous | Chức năng: isCheckBlacklist() | Thời gian thực hiện: 0 ms
2026-07-16 15:43:04.273 [http-nio-8080-exec-3] INFO  project_backend.aspect.AppAspect - User: huyhoan13032006 | Chức năng: getCurrentUser() | Thời gian thực hiện: 0 ms
2026-07-16 15:43:04.290 [http-nio-8080-exec-6] INFO  project_backend.aspect.AppAspect - User: huyhoan13032006 | Chức năng: getCurrentUser() | Thời gian thực hiện: 17 ms
2026-07-16 15:44:26.002 [http-nio-8080-exec-8] INFO  project_backend.aspect.AppAspect - User: Anonymous | Chức năng: isCheckBlacklist() | Thời gian thực hiện: 1 ms
2026-07-16 15:44:26.016 [http-nio-8080-exec-8] INFO  project_backend.aspect.AppAspect - User: huyhoan13032006 | Chức năng: blacklistToken() | Thời gian thực hiện: 0 ms
2026-07-16 15:44:26.020 [http-nio-8080-exec-8] INFO  project_backend.aspect.AppAspect - User: huyhoan13032006 | Chức năng: blacklistToken() | Thời gian thực hiện: 2 ms
2026-07-16 15:44:26.020 [http-nio-8080-exec-8] INFO  project_backend.aspect.AppAspect - User: huyhoan13032006 | Chức năng: logout() | Thời gian thực hiện: 12 ms
2026-07-16 15:44:29.882 [http-nio-8080-exec-7] INFO  project_backend.aspect.AppAspect - User: anonymousUser | Chức năng: login() | Thời gian thực hiện: 124 ms
2026-07-16 15:44:29.950 [http-nio-8080-exec-9] INFO  project_backend.aspect.AppAspect - User: Anonymous | Chức năng: isCheckBlacklist() | Thời gian thực hiện: 2 ms
2026-07-16 15:44:29.953 [http-nio-8080-exec-10] INFO  project_backend.aspect.AppAspect - User: Anonymous | Chức năng: isCheckBlacklist() | Thời gian thực hiện: 1 ms
2026-07-16 15:44:29.956 [http-nio-8080-exec-9] INFO  project_backend.aspect.AppAspect - User: admin | Chức năng: getCurrentUser() | Thời gian thực hiện: 2 ms
2026-07-16 15:44:29.966 [http-nio-8080-exec-1] INFO  project_backend.aspect.AppAspect - User: Anonymous | Chức năng: isCheckBlacklist() | Thời gian thực hiện: 1 ms
2026-07-16 15:44:29.972 [http-nio-8080-exec-1] INFO  project_backend.aspect.AppAspect - User: admin | Chức năng: getCurrentUser() | Thời gian thực hiện: 2 ms
2026-07-16 15:44:30.055 [http-nio-8080-exec-10] INFO  project_backend.aspect.AppAspect - User: admin | Chức năng: getStatistics() | Thời gian thực hiện: 90 ms
2026-07-16 15:44:30.069 [http-nio-8080-exec-2] INFO  project_backend.aspect.AppAspect - User: Anonymous | Chức năng: isCheckBlacklist() | Thời gian thực hiện: 0 ms
2026-07-16 15:44:30.088 [http-nio-8080-exec-2] INFO  project_backend.aspect.AppAspect - User: admin | Chức năng: getStatistics() | Thời gian thực hiện: 12 ms
2026-07-16 15:44:34.172 [http-nio-8080-exec-4] INFO  project_backend.aspect.AppAspect - User: Anonymous | Chức năng: isCheckBlacklist() | Thời gian thực hiện: 0 ms
2026-07-16 15:44:34.172 [http-nio-8080-exec-3] INFO  project_backend.aspect.AppAspect - User: Anonymous | Chức năng: isCheckBlacklist() | Thời gian thực hiện: 0 ms
2026-07-16 15:44:34.175 [http-nio-8080-exec-3] INFO  project_backend.aspect.AppAspect - User: admin | Chức năng: getCurrentUser() | Thời gian thực hiện: 0 ms
2026-07-16 15:44:34.184 [http-nio-8080-exec-5] INFO  project_backend.aspect.AppAspect - User: Anonymous | Chức năng: isCheckBlacklist() | Thời gian thực hiện: 1 ms
2026-07-16 15:44:34.184 [http-nio-8080-exec-4] INFO  project_backend.aspect.AppAspect - User: admin | Chức năng: getStatistics() | Thời gian thực hiện: 9 ms
2026-07-16 15:44:34.184 [http-nio-8080-exec-5] INFO  project_backend.aspect.AppAspect - User: admin | Chức năng: getCurrentUser() | Thời gian thực hiện: 0 ms
2026-07-16 15:44:34.191 [http-nio-8080-exec-6] INFO  project_backend.aspect.AppAspect - User: Anonymous | Chức năng: isCheckBlacklist() | Thời gian thực hiện: 0 ms
2026-07-16 15:44:34.212 [http-nio-8080-exec-6] INFO  project_backend.aspect.AppAspect - User: admin | Chức năng: getStatistics() | Thời gian thực hiện: 13 ms
2026-07-16 15:44:34.857 [http-nio-8080-exec-7] INFO  project_backend.aspect.AppAspect - User: Anonymous | Chức năng: isCheckBlacklist() | Thời gian thực hiện: 0 ms
2026-07-16 15:44:34.857 [http-nio-8080-exec-8] INFO  project_backend.aspect.AppAspect - User: Anonymous | Chức năng: isCheckBlacklist() | Thời gian thực hiện: 0 ms
2026-07-16 15:44:34.861 [http-nio-8080-exec-8] INFO  project_backend.aspect.AppAspect - User: admin | Chức năng: getCurrentUser() | Thời gian thực hiện: 0 ms
2026-07-16 15:44:34.869 [http-nio-8080-exec-9] INFO  project_backend.aspect.AppAspect - User: Anonymous | Chức năng: isCheckBlacklist() | Thời gian thực hiện: 1 ms
2026-07-16 15:44:34.872 [http-nio-8080-exec-7] INFO  project_backend.aspect.AppAspect - User: admin | Chức năng: getStatistics() | Thời gian thực hiện: 11 ms
2026-07-16 15:44:34.874 [http-nio-8080-exec-9] INFO  project_backend.aspect.AppAspect - User: admin | Chức năng: getCurrentUser() | Thời gian thực hiện: 2 ms
2026-07-16 15:44:34.878 [http-nio-8080-exec-1] INFO  project_backend.aspect.AppAspect - User: Anonymous | Chức năng: isCheckBlacklist() | Thời gian thực hiện: 0 ms
2026-07-16 15:44:34.901 [http-nio-8080-exec-1] INFO  project_backend.aspect.AppAspect - User: admin | Chức năng: getStatistics() | Thời gian thực hiện: 23 ms
2026-07-16 15:44:35.073 [http-nio-8080-exec-10] INFO  project_backend.aspect.AppAspect - User: Anonymous | Chức năng: isCheckBlacklist() | Thời gian thực hiện: 0 ms
2026-07-16 15:44:35.073 [http-nio-8080-exec-2] INFO  project_backend.aspect.AppAspect - User: Anonymous | Chức năng: isCheckBlacklist() | Thời gian thực hiện: 0 ms
2026-07-16 15:44:35.079 [http-nio-8080-exec-10] INFO  project_backend.aspect.AppAspect - User: admin | Chức năng: getCurrentUser() | Thời gian thực hiện: 6 ms
2026-07-16 15:44:35.086 [http-nio-8080-exec-3] INFO  project_backend.aspect.AppAspect - User: Anonymous | Chức năng: isCheckBlacklist() | Thời gian thực hiện: 1 ms
2026-07-16 15:44:35.089 [http-nio-8080-exec-2] INFO  project_backend.aspect.AppAspect - User: admin | Chức năng: getStatistics() | Thời gian thực hiện: 16 ms
2026-07-16 15:44:35.089 [http-nio-8080-exec-3] INFO  project_backend.aspect.AppAspect - User: admin | Chức năng: getCurrentUser() | Thời gian thực hiện: 0 ms
2026-07-16 15:44:35.093 [http-nio-8080-exec-5] INFO  project_backend.aspect.AppAspect - User: Anonymous | Chức năng: isCheckBlacklist() | Thời gian thực hiện: 0 ms
2026-07-16 15:44:35.102 [http-nio-8080-exec-5] INFO  project_backend.aspect.AppAspect - User: admin | Chức năng: getStatistics() | Thời gian thực hiện: 9 ms
2026-07-16 15:44:35.285 [http-nio-8080-exec-4] INFO  project_backend.aspect.AppAspect - User: Anonymous | Chức năng: isCheckBlacklist() | Thời gian thực hiện: 0 ms
2026-07-16 15:44:35.285 [http-nio-8080-exec-6] INFO  project_backend.aspect.AppAspect - User: Anonymous | Chức năng: isCheckBlacklist() | Thời gian thực hiện: 0 ms
2026-07-16 15:44:35.290 [http-nio-8080-exec-4] INFO  project_backend.aspect.AppAspect - User: admin | Chức năng: getCurrentUser() | Thời gian thực hiện: 2 ms
2026-07-16 15:44:35.295 [http-nio-8080-exec-8] INFO  project_backend.aspect.AppAspect - User: Anonymous | Chức năng: isCheckBlacklist() | Thời gian thực hiện: 0 ms
2026-07-16 15:44:35.297 [http-nio-8080-exec-6] INFO  project_backend.aspect.AppAspect - User: admin | Chức năng: getStatistics() | Thời gian thực hiện: 9 ms
2026-07-16 15:44:35.297 [http-nio-8080-exec-8] INFO  project_backend.aspect.AppAspect - User: admin | Chức năng: getCurrentUser() | Thời gian thực hiện: 0 ms
2026-07-16 15:44:35.302 [http-nio-8080-exec-7] INFO  project_backend.aspect.AppAspect - User: Anonymous | Chức năng: isCheckBlacklist() | Thời gian thực hiện: 0 ms
2026-07-16 15:44:35.309 [http-nio-8080-exec-7] INFO  project_backend.aspect.AppAspect - User: admin | Chức năng: getStatistics() | Thời gian thực hiện: 7 ms
2026-07-16 15:46:32.279 [http-nio-8080-exec-9] INFO  project_backend.aspect.AppAspect - User: Anonymous | Chức năng: isCheckBlacklist() | Thời gian thực hiện: 1 ms
2026-07-16 15:46:32.468 [http-nio-8080-exec-9] INFO  project_backend.aspect.AppAspect - User: admin | Chức năng: login() | Thời gian thực hiện: 182 ms
2026-07-16 15:46:32.567 [http-nio-8080-exec-1] INFO  project_backend.aspect.AppAspect - User: Anonymous | Chức năng: isCheckBlacklist() | Thời gian thực hiện: 2 ms
2026-07-16 15:46:32.567 [http-nio-8080-exec-10] INFO  project_backend.aspect.AppAspect - User: Anonymous | Chức năng: isCheckBlacklist() | Thời gian thực hiện: 2 ms
2026-07-16 15:46:32.568 [http-nio-8080-exec-1] INFO  project_backend.aspect.AppAspect - User: admin | Chức năng: getCurrentUser() | Thời gian thực hiện: 0 ms
2026-07-16 15:46:32.577 [http-nio-8080-exec-2] INFO  project_backend.aspect.AppAspect - User: Anonymous | Chức năng: isCheckBlacklist() | Thời gian thực hiện: 3 ms
2026-07-16 15:46:32.578 [http-nio-8080-exec-10] INFO  project_backend.aspect.AppAspect - User: admin | Chức năng: getStatistics() | Thời gian thực hiện: 10 ms
2026-07-16 15:46:32.578 [http-nio-8080-exec-2] INFO  project_backend.aspect.AppAspect - User: admin | Chức năng: getCurrentUser() | Thời gian thực hiện: 0 ms
2026-07-16 15:46:32.588 [http-nio-8080-exec-3] INFO  project_backend.aspect.AppAspect - User: Anonymous | Chức năng: isCheckBlacklist() | Thời gian thực hiện: 0 ms
2026-07-16 15:46:32.598 [http-nio-8080-exec-3] INFO  project_backend.aspect.AppAspect - User: admin | Chức năng: getStatistics() | Thời gian thực hiện: 6 ms
2026-07-16 15:54:52.515 [http-nio-8080-exec-5] INFO  project_backend.aspect.AppAspect - User: Anonymous | Chức năng: isCheckBlacklist() | Thời gian thực hiện: 0 ms
2026-07-16 15:54:52.756 [http-nio-8080-exec-5] INFO  project_backend.aspect.AppAspect - User: admin | Chức năng: login() | Thời gian thực hiện: 212 ms
2026-07-16 15:54:52.837 [http-nio-8080-exec-4] INFO  project_backend.aspect.AppAspect - User: Anonymous | Chức năng: isCheckBlacklist() | Thời gian thực hiện: 1 ms
2026-07-16 15:54:52.838 [http-nio-8080-exec-6] INFO  project_backend.aspect.AppAspect - User: Anonymous | Chức năng: isCheckBlacklist() | Thời gian thực hiện: 0 ms
2026-07-16 15:54:52.842 [http-nio-8080-exec-4] INFO  project_backend.aspect.AppAspect - User: admin | Chức năng: getCurrentUser() | Thời gian thực hiện: 2 ms
2026-07-16 15:54:52.848 [http-nio-8080-exec-8] INFO  project_backend.aspect.AppAspect - User: Anonymous | Chức năng: isCheckBlacklist() | Thời gian thực hiện: 1 ms
2026-07-16 15:54:52.851 [http-nio-8080-exec-8] INFO  project_backend.aspect.AppAspect - User: admin | Chức năng: getCurrentUser() | Thời gian thực hiện: 1 ms
2026-07-16 15:54:52.862 [http-nio-8080-exec-6] INFO  project_backend.aspect.AppAspect - User: admin | Chức năng: getStatistics() | Thời gian thực hiện: 16 ms
2026-07-16 15:54:52.871 [http-nio-8080-exec-7] INFO  project_backend.aspect.AppAspect - User: Anonymous | Chức năng: isCheckBlacklist() | Thời gian thực hiện: 1 ms
2026-07-16 15:54:52.876 [http-nio-8080-exec-7] INFO  project_backend.aspect.AppAspect - User: admin | Chức năng: getStatistics() | Thời gian thực hiện: 1 ms
2026-07-16 16:01:52.223 [http-nio-8080-exec-9] INFO  project_backend.aspect.AppAspect - User: Anonymous | Chức năng: isCheckBlacklist() | Thời gian thực hiện: 1 ms
2026-07-16 16:01:52.236 [http-nio-8080-exec-9] INFO  project_backend.aspect.AppAspect - User: admin | Chức năng: blacklistToken() | Thời gian thực hiện: 1 ms
2026-07-16 16:01:52.236 [http-nio-8080-exec-9] INFO  project_backend.aspect.AppAspect - User: admin | Chức năng: blacklistToken() | Thời gian thực hiện: 0 ms
2026-07-16 16:01:52.236 [http-nio-8080-exec-9] INFO  project_backend.aspect.AppAspect - User: admin | Chức năng: logout() | Thời gian thực hiện: 8 ms
2026-07-16 16:02:00.969 [http-nio-8080-exec-1] INFO  project_backend.aspect.AppAspect - User: anonymousUser | Chức năng: login() | Thời gian thực hiện: 121 ms
2026-07-16 16:02:01.059 [http-nio-8080-exec-10] INFO  project_backend.aspect.AppAspect - User: Anonymous | Chức năng: isCheckBlacklist() | Thời gian thực hiện: 1 ms
2026-07-16 16:02:01.060 [http-nio-8080-exec-2] INFO  project_backend.aspect.AppAspect - User: Anonymous | Chức năng: isCheckBlacklist() | Thời gian thực hiện: 1 ms
2026-07-16 16:02:01.061 [http-nio-8080-exec-10] INFO  project_backend.aspect.AppAspect - User: huyhoan13032006 | Chức năng: getCurrentUser() | Thời gian thực hiện: 0 ms
2026-07-16 16:02:01.064 [http-nio-8080-exec-3] INFO  project_backend.aspect.AppAspect - User: Anonymous | Chức năng: isCheckBlacklist() | Thời gian thực hiện: 0 ms
2026-07-16 16:02:01.064 [http-nio-8080-exec-5] INFO  project_backend.aspect.AppAspect - User: Anonymous | Chức năng: isCheckBlacklist() | Thời gian thực hiện: 0 ms
2026-07-16 16:02:01.064 [http-nio-8080-exec-3] INFO  project_backend.aspect.AppAspect - User: huyhoan13032006 | Chức năng: getCurrentUser() | Thời gian thực hiện: 0 ms
2026-07-16 16:02:07.591 [http-nio-8080-exec-4] INFO  project_backend.aspect.AppAspect - User: Anonymous | Chức năng: isCheckBlacklist() | Thời gian thực hiện: 1 ms
2026-07-16 16:02:07.602 [http-nio-8080-exec-4] INFO  project_backend.aspect.AppAspect - User: huyhoan13032006 | Chức năng: blacklistToken() | Thời gian thực hiện: 2 ms
2026-07-16 16:02:07.604 [http-nio-8080-exec-4] INFO  project_backend.aspect.AppAspect - User: huyhoan13032006 | Chức năng: blacklistToken() | Thời gian thực hiện: 2 ms
2026-07-16 16:02:07.604 [http-nio-8080-exec-4] INFO  project_backend.aspect.AppAspect - User: huyhoan13032006 | Chức năng: logout() | Thời gian thực hiện: 7 ms
2026-07-16 16:02:32.827 [http-nio-8080-exec-8] INFO  project_backend.aspect.AppAspect - User: anonymousUser | Chức năng: login() | Thời gian thực hiện: 195 ms
2026-07-16 16:02:32.881 [http-nio-8080-exec-7] INFO  project_backend.aspect.AppAspect - User: Anonymous | Chức năng: isCheckBlacklist() | Thời gian thực hiện: 1 ms
2026-07-16 16:02:32.881 [http-nio-8080-exec-6] INFO  project_backend.aspect.AppAspect - User: Anonymous | Chức năng: isCheckBlacklist() | Thời gian thực hiện: 1 ms
2026-07-16 16:02:32.891 [http-nio-8080-exec-6] INFO  project_backend.aspect.AppAspect - User: admin | Chức năng: getCurrentUser() | Thời gian thực hiện: 4 ms
2026-07-16 16:02:32.903 [http-nio-8080-exec-9] INFO  project_backend.aspect.AppAspect - User: Anonymous | Chức năng: isCheckBlacklist() | Thời gian thực hiện: 0 ms
2026-07-16 16:02:32.903 [http-nio-8080-exec-7] INFO  project_backend.aspect.AppAspect - User: admin | Chức năng: getStatistics() | Thời gian thực hiện: 17 ms
2026-07-16 16:02:32.907 [http-nio-8080-exec-9] INFO  project_backend.aspect.AppAspect - User: admin | Chức năng: getCurrentUser() | Thời gian thực hiện: 4 ms
2026-07-16 16:02:32.910 [http-nio-8080-exec-1] INFO  project_backend.aspect.AppAspect - User: Anonymous | Chức năng: isCheckBlacklist() | Thời gian thực hiện: 0 ms
2026-07-16 16:02:32.918 [http-nio-8080-exec-1] INFO  project_backend.aspect.AppAspect - User: admin | Chức năng: getStatistics() | Thời gian thực hiện: 8 ms
2026-07-16 16:04:55.344 [http-nio-8080-exec-10] INFO  project_backend.aspect.AppAspect - User: Anonymous | Chức năng: isCheckBlacklist() | Thời gian thực hiện: 2 ms
2026-07-16 16:04:55.355 [http-nio-8080-exec-10] INFO  project_backend.aspect.AppAspect - User: admin | Chức năng: blacklistToken() | Thời gian thực hiện: 0 ms
2026-07-16 16:04:55.357 [http-nio-8080-exec-10] INFO  project_backend.aspect.AppAspect - User: admin | Chức năng: blacklistToken() | Thời gian thực hiện: 2 ms
2026-07-16 16:04:55.357 [http-nio-8080-exec-10] INFO  project_backend.aspect.AppAspect - User: admin | Chức năng: logout() | Thời gian thực hiện: 7 ms
2026-07-16 16:05:15.361 [http-nio-8080-exec-2] INFO  project_backend.aspect.AppAspect - User: anonymousUser | Chức năng: login() | Thời gian thực hiện: 171 ms
2026-07-16 16:05:15.419 [http-nio-8080-exec-5] INFO  project_backend.aspect.AppAspect - User: Anonymous | Chức năng: isCheckBlacklist() | Thời gian thực hiện: 2 ms
2026-07-16 16:05:15.419 [http-nio-8080-exec-3] INFO  project_backend.aspect.AppAspect - User: Anonymous | Chức năng: isCheckBlacklist() | Thời gian thực hiện: 2 ms
2026-07-16 16:05:15.426 [http-nio-8080-exec-3] INFO  project_backend.aspect.AppAspect - User: huyhoan13032006 | Chức năng: getCurrentUser() | Thời gian thực hiện: 2 ms
2026-07-16 16:05:15.443 [http-nio-8080-exec-8] INFO  project_backend.aspect.AppAspect - User: Anonymous | Chức năng: isCheckBlacklist() | Thời gian thực hiện: 2 ms
2026-07-16 16:05:15.443 [http-nio-8080-exec-4] INFO  project_backend.aspect.AppAspect - User: Anonymous | Chức năng: isCheckBlacklist() | Thời gian thực hiện: 2 ms
2026-07-16 16:05:15.456 [http-nio-8080-exec-8] INFO  project_backend.aspect.AppAspect - User: huyhoan13032006 | Chức năng: getCurrentUser() | Thời gian thực hiện: 3 ms
2026-07-16 16:05:29.123 [http-nio-8080-exec-6] INFO  project_backend.aspect.AppAspect - User: Anonymous | Chức năng: isCheckBlacklist() | Thời gian thực hiện: 1 ms
2026-07-16 16:05:29.133 [http-nio-8080-exec-6] INFO  project_backend.aspect.AppAspect - User: huyhoan13032006 | Chức năng: blacklistToken() | Thời gian thực hiện: 0 ms
2026-07-16 16:05:29.135 [http-nio-8080-exec-6] INFO  project_backend.aspect.AppAspect - User: huyhoan13032006 | Chức năng: blacklistToken() | Thời gian thực hiện: 0 ms
2026-07-16 16:05:29.135 [http-nio-8080-exec-6] INFO  project_backend.aspect.AppAspect - User: huyhoan13032006 | Chức năng: logout() | Thời gian thực hiện: 6 ms
2026-07-16 16:08:05.811 [http-nio-8080-exec-7] INFO  project_backend.aspect.AppAspect - User: anonymousUser | Chức năng: login() | Thời gian thực hiện: 187 ms
2026-07-16 16:08:05.867 [http-nio-8080-exec-9] INFO  project_backend.aspect.AppAspect - User: Anonymous | Chức năng: isCheckBlacklist() | Thời gian thực hiện: 2 ms
2026-07-16 16:08:05.870 [http-nio-8080-exec-1] INFO  project_backend.aspect.AppAspect - User: Anonymous | Chức năng: isCheckBlacklist() | Thời gian thực hiện: 1 ms
2026-07-16 16:08:05.873 [http-nio-8080-exec-9] INFO  project_backend.aspect.AppAspect - User: admin | Chức năng: getCurrentUser() | Thời gian thực hiện: 1 ms
2026-07-16 16:08:05.873 [http-nio-8080-exec-1] INFO  project_backend.aspect.AppAspect - User: admin | Chức năng: getStatistics() | Thời gian thực hiện: 0 ms
2026-07-16 16:08:05.873 [http-nio-8080-exec-10] INFO  project_backend.aspect.AppAspect - User: Anonymous | Chức năng: isCheckBlacklist() | Thời gian thực hiện: 0 ms
2026-07-16 16:08:05.889 [http-nio-8080-exec-10] INFO  project_backend.aspect.AppAspect - User: admin | Chức năng: getCurrentUser() | Thời gian thực hiện: 0 ms
2026-07-16 16:08:05.889 [http-nio-8080-exec-2] INFO  project_backend.aspect.AppAspect - User: Anonymous | Chức năng: isCheckBlacklist() | Thời gian thực hiện: 0 ms
2026-07-16 16:08:05.916 [http-nio-8080-exec-2] INFO  project_backend.aspect.AppAspect - User: admin | Chức năng: getStatistics() | Thời gian thực hiện: 27 ms
2026-07-16 16:08:21.213 [http-nio-8080-exec-5] INFO  project_backend.aspect.AppAspect - User: Anonymous | Chức năng: isCheckBlacklist() | Thời gian thực hiện: 0 ms
2026-07-16 16:08:21.213 [http-nio-8080-exec-3] INFO  project_backend.aspect.AppAspect - User: Anonymous | Chức năng: isCheckBlacklist() | Thời gian thực hiện: 0 ms
2026-07-16 16:08:21.217 [http-nio-8080-exec-8] INFO  project_backend.aspect.AppAspect - User: Anonymous | Chức năng: isCheckBlacklist() | Thời gian thực hiện: 0 ms
2026-07-16 16:08:21.217 [http-nio-8080-exec-4] INFO  project_backend.aspect.AppAspect - User: Anonymous | Chức năng: isCheckBlacklist() | Thời gian thực hiện: 0 ms
2026-07-16 16:08:21.217 [http-nio-8080-exec-3] INFO  project_backend.aspect.AppAspect - User: admin | Chức năng: getCurrentUser() | Thời gian thực hiện: 0 ms
2026-07-16 16:08:21.223 [http-nio-8080-exec-5] INFO  project_backend.aspect.AppAspect - User: admin | Chức năng: getStatistics() | Thời gian thực hiện: 6 ms
2026-07-16 16:08:21.231 [http-nio-8080-exec-8] INFO  project_backend.aspect.AppAspect - User: admin | Chức năng: getCurrentUser() | Thời gian thực hiện: 1 ms
2026-07-16 16:08:21.245 [http-nio-8080-exec-4] INFO  project_backend.aspect.AppAspect - User: admin | Chức năng: getStatistics() | Thời gian thực hiện: 16 ms
2026-07-16 16:10:54.603 [SpringApplicationShutdownHook] INFO  com.zaxxer.hikari.HikariDataSource - HikariPool-8 - Shutdown initiated...
2026-07-16 16:10:54.606 [SpringApplicationShutdownHook] INFO  com.zaxxer.hikari.HikariDataSource - HikariPool-8 - Shutdown completed.
2026-07-16 18:08:29.874 [restartedMain] INFO  project_backend.BackendApplication - Starting BackendApplication using Java 17.0.18 with PID 24776 (D:\HOC_LAP_TRINH\Qivora\Backend\build\classes\java\main started by HUY HOAN in D:\HOC_LAP_TRINH\Qivora\Backend)
2026-07-16 18:08:29.881 [restartedMain] INFO  project_backend.BackendApplication - No active profile set, falling back to 1 default profile: "default"
2026-07-16 18:08:37.076 [restartedMain] INFO  com.zaxxer.hikari.HikariDataSource - HikariPool-1 - Starting...
2026-07-16 18:08:37.440 [restartedMain] INFO  com.zaxxer.hikari.pool.HikariPool - HikariPool-1 - Added connection org.postgresql.jdbc.PgConnection@4624a4c5
2026-07-16 18:08:37.443 [restartedMain] INFO  com.zaxxer.hikari.HikariDataSource - HikariPool-1 - Start completed.
2026-07-16 18:08:43.620 [restartedMain] INFO  project_backend.BackendApplication - Started BackendApplication in 14.724 seconds (process running for 16.522)
2026-07-16 18:21:21.283 [Thread-1] INFO  com.zaxxer.hikari.HikariDataSource - HikariPool-1 - Shutdown initiated...
2026-07-16 18:21:21.295 [Thread-1] INFO  com.zaxxer.hikari.HikariDataSource - HikariPool-1 - Shutdown completed.
2026-07-16 18:21:21.584 [restartedMain] INFO  project_backend.BackendApplication - Starting BackendApplication using Java 17.0.18 with PID 24776 (D:\HOC_LAP_TRINH\Qivora\Backend\build\classes\java\main started by HUY HOAN in D:\HOC_LAP_TRINH\Qivora\Backend)
2026-07-16 18:21:21.586 [restartedMain] INFO  project_backend.BackendApplication - No active profile set, falling back to 1 default profile: "default"
2026-07-16 18:21:23.852 [restartedMain] INFO  com.zaxxer.hikari.HikariDataSource - HikariPool-2 - Starting...
2026-07-16 18:21:23.992 [restartedMain] INFO  com.zaxxer.hikari.pool.HikariPool - HikariPool-2 - Added connection org.postgresql.jdbc.PgConnection@3e474e46
2026-07-16 18:21:23.992 [restartedMain] INFO  com.zaxxer.hikari.HikariDataSource - HikariPool-2 - Start completed.
2026-07-16 18:21:30.596 [restartedMain] INFO  project_backend.BackendApplication - Started BackendApplication in 9.139 seconds (process running for 783.499)
2026-07-16 18:21:32.351 [Thread-6] INFO  com.zaxxer.hikari.HikariDataSource - HikariPool-2 - Shutdown initiated...
2026-07-16 18:21:32.351 [Thread-6] INFO  com.zaxxer.hikari.HikariDataSource - HikariPool-2 - Shutdown completed.
2026-07-16 18:21:32.919 [restartedMain] INFO  project_backend.BackendApplication - Starting BackendApplication using Java 17.0.18 with PID 24776 (D:\HOC_LAP_TRINH\Qivora\Backend\build\classes\java\main started by HUY HOAN in D:\HOC_LAP_TRINH\Qivora\Backend)
2026-07-16 18:21:32.919 [restartedMain] INFO  project_backend.BackendApplication - No active profile set, falling back to 1 default profile: "default"
2026-07-16 18:21:36.627 [restartedMain] INFO  com.zaxxer.hikari.HikariDataSource - HikariPool-3 - Starting...
2026-07-16 18:21:36.786 [restartedMain] INFO  com.zaxxer.hikari.pool.HikariPool - HikariPool-3 - Added connection org.postgresql.jdbc.PgConnection@56f3b91d
2026-07-16 18:21:36.786 [restartedMain] INFO  com.zaxxer.hikari.HikariDataSource - HikariPool-3 - Start completed.
2026-07-16 18:21:43.327 [restartedMain] INFO  project_backend.BackendApplication - Started BackendApplication in 10.517 seconds (process running for 796.239)
2026-07-16 18:27:38.528 [http-nio-8080-exec-6] INFO  project_backend.aspect.AppAspect - User: anonymousUser | Chức năng: login() | Thời gian thực hiện: 1399 ms
2026-07-16 18:27:41.013 [http-nio-8080-exec-4] INFO  project_backend.aspect.AppAspect - User: Anonymous | Chức năng: isCheckBlacklist() | Thời gian thực hiện: 2162 ms
2026-07-16 18:27:41.013 [http-nio-8080-exec-5] INFO  project_backend.aspect.AppAspect - User: Anonymous | Chức năng: isCheckBlacklist() | Thời gian thực hiện: 2162 ms
2026-07-16 18:27:41.047 [http-nio-8080-exec-5] INFO  project_backend.aspect.AppAspect - User: admin | Chức năng: getCurrentUser() | Thời gian thực hiện: 8 ms
2026-07-16 18:27:41.071 [http-nio-8080-exec-2] INFO  project_backend.aspect.AppAspect - User: Anonymous | Chức năng: isCheckBlacklist() | Thời gian thực hiện: 3 ms
2026-07-16 18:27:41.093 [http-nio-8080-exec-2] INFO  project_backend.aspect.AppAspect - User: admin | Chức năng: getCurrentUser() | Thời gian thực hiện: 7 ms
2026-07-16 18:27:41.191 [http-nio-8080-exec-4] INFO  project_backend.aspect.AppAspect - User: admin | Chức năng: getStatistics() | Thời gian thực hiện: 163 ms
2026-07-16 18:27:41.232 [http-nio-8080-exec-1] INFO  project_backend.aspect.AppAspect - User: Anonymous | Chức năng: isCheckBlacklist() | Thời gian thực hiện: 2 ms
2026-07-16 18:27:41.287 [http-nio-8080-exec-1] INFO  project_backend.aspect.AppAspect - User: admin | Chức năng: getStatistics() | Thời gian thực hiện: 36 ms
2026-07-16 18:27:49.159 [http-nio-8080-exec-3] INFO  project_backend.aspect.AppAspect - User: Anonymous | Chức năng: isCheckBlacklist() | Thời gian thực hiện: 3 ms
2026-07-16 18:27:49.164 [http-nio-8080-exec-10] INFO  project_backend.aspect.AppAspect - User: Anonymous | Chức năng: isCheckBlacklist() | Thời gian thực hiện: 8 ms
2026-07-16 18:27:49.166 [http-nio-8080-exec-9] INFO  project_backend.aspect.AppAspect - User: Anonymous | Chức năng: isCheckBlacklist() | Thời gian thực hiện: 5 ms
2026-07-16 18:27:49.211 [http-nio-8080-exec-3] INFO  project_backend.aspect.AppAspect - User: admin | Chức năng: getCurrentUser() | Thời gian thực hiện: 16 ms
2026-07-16 18:27:49.252 [http-nio-8080-exec-8] INFO  project_backend.aspect.AppAspect - User: Anonymous | Chức năng: isCheckBlacklist() | Thời gian thực hiện: 10 ms
2026-07-16 18:27:49.258 [http-nio-8080-exec-10] INFO  project_backend.aspect.AppAspect - User: admin | Chức năng: getStatistics() | Thời gian thực hiện: 63 ms
2026-07-16 18:27:49.287 [http-nio-8080-exec-7] INFO  project_backend.aspect.AppAspect - User: Anonymous | Chức năng: isCheckBlacklist() | Thời gian thực hiện: 0 ms
2026-07-16 18:27:49.302 [http-nio-8080-exec-8] INFO  project_backend.aspect.AppAspect - User: admin | Chức năng: getCurrentUser() | Thời gian thực hiện: 15 ms
2026-07-16 18:27:49.364 [http-nio-8080-exec-7] INFO  project_backend.aspect.AppAspect - User: admin | Chức năng: getStatistics() | Thời gian thực hiện: 62 ms
2026-07-16 18:27:49.451 [http-nio-8080-exec-9] INFO  project_backend.aspect.AppAspect - User: admin | Chức năng: getUsers() | Thời gian thực hiện: 218 ms
2026-07-16 18:27:49.509 [http-nio-8080-exec-6] INFO  project_backend.aspect.AppAspect - User: Anonymous | Chức năng: isCheckBlacklist() | Thời gian thực hiện: 2 ms
2026-07-16 18:27:49.557 [http-nio-8080-exec-6] INFO  project_backend.aspect.AppAspect - User: admin | Chức năng: getUsers() | Thời gian thực hiện: 25 ms
2026-07-16 18:28:08.944 [http-nio-8080-exec-5] INFO  project_backend.aspect.AppAspect - User: Anonymous | Chức năng: isCheckBlacklist() | Thời gian thực hiện: 0 ms
2026-07-16 18:28:09.000 [http-nio-8080-exec-5] INFO  project_backend.aspect.AppAspect - User: admin | Chức năng: lockUser() | Thời gian thực hiện: 45 ms
2026-07-16 18:28:10.371 [http-nio-8080-exec-2] INFO  project_backend.aspect.AppAspect - User: Anonymous | Chức năng: isCheckBlacklist() | Thời gian thực hiện: 5 ms
2026-07-16 18:28:10.398 [http-nio-8080-exec-2] INFO  project_backend.aspect.AppAspect - User: admin | Chức năng: unlockUser() | Thời gian thực hiện: 16 ms
2026-07-16 18:28:17.850 [http-nio-8080-exec-4] INFO  project_backend.aspect.AppAspect - User: Anonymous | Chức năng: isCheckBlacklist() | Thời gian thực hiện: 2 ms
2026-07-16 18:28:17.863 [http-nio-8080-exec-4] INFO  project_backend.aspect.AppAspect - User: admin | Chức năng: lockUser() | Thời gian thực hiện: 0 ms
2026-07-16 18:28:21.620 [http-nio-8080-exec-1] INFO  project_backend.aspect.AppAspect - User: Anonymous | Chức năng: isCheckBlacklist() | Thời gian thực hiện: 0 ms
2026-07-16 18:28:21.737 [http-nio-8080-exec-1] INFO  project_backend.aspect.AppAspect - User: admin | Chức năng: blacklistToken() | Thời gian thực hiện: 40 ms
2026-07-16 18:28:21.746 [http-nio-8080-exec-1] INFO  project_backend.aspect.AppAspect - User: admin | Chức năng: blacklistToken() | Thời gian thực hiện: 6 ms
2026-07-16 18:28:21.746 [http-nio-8080-exec-1] INFO  project_backend.aspect.AppAspect - User: admin | Chức năng: logout() | Thời gian thực hiện: 101 ms
2026-07-16 18:28:37.448 [http-nio-8080-exec-10] INFO  project_backend.aspect.AppAspect - User: anonymousUser | Chức năng: login() | Thời gian thực hiện: 281 ms
2026-07-16 18:28:37.489 [http-nio-8080-exec-8] INFO  project_backend.aspect.AppAspect - User: Anonymous | Chức năng: isCheckBlacklist() | Thời gian thực hiện: 4 ms
2026-07-16 18:28:37.493 [http-nio-8080-exec-7] INFO  project_backend.aspect.AppAspect - User: Anonymous | Chức năng: isCheckBlacklist() | Thời gian thực hiện: 4 ms
2026-07-16 18:28:37.506 [http-nio-8080-exec-8] INFO  project_backend.aspect.AppAspect - User: admin | Chức năng: getCurrentUser() | Thời gian thực hiện: 4 ms
2026-07-16 18:28:37.519 [http-nio-8080-exec-9] INFO  project_backend.aspect.AppAspect - User: Anonymous | Chức năng: isCheckBlacklist() | Thời gian thực hiện: 0 ms
2026-07-16 18:28:37.530 [http-nio-8080-exec-7] INFO  project_backend.aspect.AppAspect - User: admin | Chức năng: getStatistics() | Thời gian thực hiện: 28 ms
2026-07-16 18:28:37.530 [http-nio-8080-exec-9] INFO  project_backend.aspect.AppAspect - User: admin | Chức năng: getCurrentUser() | Thời gian thực hiện: 2 ms
2026-07-16 18:28:37.543 [http-nio-8080-exec-6] INFO  project_backend.aspect.AppAspect - User: Anonymous | Chức năng: isCheckBlacklist() | Thời gian thực hiện: 0 ms
2026-07-16 18:28:37.589 [http-nio-8080-exec-6] INFO  project_backend.aspect.AppAspect - User: admin | Chức năng: getStatistics() | Thời gian thực hiện: 34 ms
2026-07-16 18:28:39.934 [http-nio-8080-exec-5] INFO  project_backend.aspect.AppAspect - User: Anonymous | Chức năng: isCheckBlacklist() | Thời gian thực hiện: 2 ms
2026-07-16 18:28:39.934 [http-nio-8080-exec-2] INFO  project_backend.aspect.AppAspect - User: Anonymous | Chức năng: isCheckBlacklist() | Thời gian thực hiện: 2 ms
2026-07-16 18:28:39.935 [http-nio-8080-exec-4] INFO  project_backend.aspect.AppAspect - User: Anonymous | Chức năng: isCheckBlacklist() | Thời gian thực hiện: 1 ms
2026-07-16 18:28:39.947 [http-nio-8080-exec-5] INFO  project_backend.aspect.AppAspect - User: admin | Chức năng: getCurrentUser() | Thời gian thực hiện: 4 ms
2026-07-16 18:28:39.965 [http-nio-8080-exec-1] INFO  project_backend.aspect.AppAspect - User: Anonymous | Chức năng: isCheckBlacklist() | Thời gian thực hiện: 4 ms
2026-07-16 18:28:39.965 [http-nio-8080-exec-4] INFO  project_backend.aspect.AppAspect - User: admin | Chức năng: getUsers() | Thời gian thực hiện: 16 ms
2026-07-16 18:28:39.975 [http-nio-8080-exec-2] INFO  project_backend.aspect.AppAspect - User: admin | Chức năng: getStatistics() | Thời gian thực hiện: 30 ms
2026-07-16 18:28:39.975 [http-nio-8080-exec-1] INFO  project_backend.aspect.AppAspect - User: admin | Chức năng: getCurrentUser() | Thời gian thực hiện: 2 ms
2026-07-16 18:28:39.984 [http-nio-8080-exec-3] INFO  project_backend.aspect.AppAspect - User: Anonymous | Chức năng: isCheckBlacklist() | Thời gian thực hiện: 0 ms
2026-07-16 18:28:39.998 [http-nio-8080-exec-10] INFO  project_backend.aspect.AppAspect - User: Anonymous | Chức năng: isCheckBlacklist() | Thời gian thực hiện: 2 ms
2026-07-16 18:28:40.013 [http-nio-8080-exec-3] INFO  project_backend.aspect.AppAspect - User: admin | Chức năng: getUsers() | Thời gian thực hiện: 15 ms
2026-07-16 18:28:40.035 [http-nio-8080-exec-10] INFO  project_backend.aspect.AppAspect - User: admin | Chức năng: getStatistics() | Thời gian thực hiện: 26 ms
2026-07-16 18:28:41.791 [http-nio-8080-exec-8] INFO  project_backend.aspect.AppAspect - User: Anonymous | Chức năng: isCheckBlacklist() | Thời gian thực hiện: 0 ms
2026-07-16 18:28:41.815 [http-nio-8080-exec-8] INFO  project_backend.aspect.AppAspect - User: admin | Chức năng: unlockUser() | Thời gian thực hiện: 5 ms
2026-07-16 18:29:19.905 [http-nio-8080-exec-7] INFO  project_backend.aspect.AppAspect - User: Anonymous | Chức năng: isCheckBlacklist() | Thời gian thực hiện: 6 ms
2026-07-16 18:29:19.905 [http-nio-8080-exec-9] INFO  project_backend.aspect.AppAspect - User: Anonymous | Chức năng: isCheckBlacklist() | Thời gian thực hiện: 1 ms
2026-07-16 18:29:19.926 [http-nio-8080-exec-7] INFO  project_backend.aspect.AppAspect - User: admin | Chức năng: getCurrentUser() | Thời gian thực hiện: 8 ms
2026-07-16 18:29:19.955 [http-nio-8080-exec-6] INFO  project_backend.aspect.AppAspect - User: Anonymous | Chức năng: isCheckBlacklist() | Thời gian thực hiện: 6 ms
2026-07-16 18:29:19.993 [http-nio-8080-exec-6] INFO  project_backend.aspect.AppAspect - User: admin | Chức năng: getCurrentUser() | Thời gian thực hiện: 0 ms
2026-07-16 18:29:20.026 [http-nio-8080-exec-9] INFO  project_backend.aspect.AppAspect - User: admin | Chức năng: getStatistics() | Thời gian thực hiện: 108 ms
2026-07-16 18:29:20.055 [http-nio-8080-exec-5] INFO  project_backend.aspect.AppAspect - User: Anonymous | Chức năng: isCheckBlacklist() | Thời gian thực hiện: 1 ms
2026-07-16 18:29:20.118 [http-nio-8080-exec-5] INFO  project_backend.aspect.AppAspect - User: admin | Chức năng: getStatistics() | Thời gian thực hiện: 45 ms
2026-07-16 18:29:22.169 [http-nio-8080-exec-4] INFO  project_backend.aspect.AppAspect - User: Anonymous | Chức năng: isCheckBlacklist() | Thời gian thực hiện: 7 ms
2026-07-16 18:29:22.169 [http-nio-8080-exec-2] INFO  project_backend.aspect.AppAspect - User: Anonymous | Chức năng: isCheckBlacklist() | Thời gian thực hiện: 7 ms
2026-07-16 18:29:22.169 [http-nio-8080-exec-1] INFO  project_backend.aspect.AppAspect - User: Anonymous | Chức năng: isCheckBlacklist() | Thời gian thực hiện: 2 ms
2026-07-16 18:29:22.199 [http-nio-8080-exec-2] INFO  project_backend.aspect.AppAspect - User: admin | Chức năng: getCurrentUser() | Thời gian thực hiện: 14 ms
2026-07-16 18:29:22.235 [http-nio-8080-exec-3] INFO  project_backend.aspect.AppAspect - User: Anonymous | Chức năng: isCheckBlacklist() | Thời gian thực hiện: 7 ms
2026-07-16 18:29:22.246 [http-nio-8080-exec-4] INFO  project_backend.aspect.AppAspect - User: admin | Chức năng: getStatistics() | Thời gian thực hiện: 55 ms
2026-07-16 18:29:22.246 [http-nio-8080-exec-1] INFO  project_backend.aspect.AppAspect - User: admin | Chức năng: getUsers() | Thời gian thực hiện: 55 ms
2026-07-16 18:29:22.262 [http-nio-8080-exec-3] INFO  project_backend.aspect.AppAspect - User: admin | Chức năng: getCurrentUser() | Thời gian thực hiện: 8 ms
2026-07-16 18:29:22.273 [http-nio-8080-exec-10] INFO  project_backend.aspect.AppAspect - User: Anonymous | Chức năng: isCheckBlacklist() | Thời gian thực hiện: 0 ms
2026-07-16 18:29:22.273 [http-nio-8080-exec-8] INFO  project_backend.aspect.AppAspect - User: Anonymous | Chức năng: isCheckBlacklist() | Thời gian thực hiện: 0 ms
2026-07-16 18:29:22.302 [http-nio-8080-exec-8] INFO  project_backend.aspect.AppAspect - User: admin | Chức năng: getUsers() | Thời gian thực hiện: 17 ms
2026-07-16 18:29:22.306 [http-nio-8080-exec-10] INFO  project_backend.aspect.AppAspect - User: admin | Chức năng: getStatistics() | Thời gian thực hiện: 26 ms
2026-07-16 18:29:22.856 [http-nio-8080-exec-6] INFO  project_backend.aspect.AppAspect - User: Anonymous | Chức năng: isCheckBlacklist() | Thời gian thực hiện: 0 ms
2026-07-16 18:29:22.856 [http-nio-8080-exec-7] INFO  project_backend.aspect.AppAspect - User: Anonymous | Chức năng: isCheckBlacklist() | Thời gian thực hiện: 0 ms
2026-07-16 18:29:22.876 [http-nio-8080-exec-7] INFO  project_backend.aspect.AppAspect - User: admin | Chức năng: getCurrentUser() | Thời gian thực hiện: 6 ms
2026-07-16 18:29:22.884 [http-nio-8080-exec-9] INFO  project_backend.aspect.AppAspect - User: Anonymous | Chức năng: isCheckBlacklist() | Thời gian thực hiện: 0 ms
2026-07-16 18:29:22.908 [http-nio-8080-exec-6] INFO  project_backend.aspect.AppAspect - User: admin | Chức năng: getStatistics() | Thời gian thực hiện: 35 ms
2026-07-16 18:29:22.922 [http-nio-8080-exec-9] INFO  project_backend.aspect.AppAspect - User: admin | Chức năng: getCurrentUser() | Thời gian thực hiện: 14 ms
2026-07-16 18:29:22.922 [http-nio-8080-exec-5] INFO  project_backend.aspect.AppAspect - User: Anonymous | Chức năng: isCheckBlacklist() | Thời gian thực hiện: 0 ms
2026-07-16 18:29:22.998 [http-nio-8080-exec-5] INFO  project_backend.aspect.AppAspect - User: admin | Chức năng: getStatistics() | Thời gian thực hiện: 59 ms
2026-07-16 18:29:23.880 [http-nio-8080-exec-2] INFO  project_backend.aspect.AppAspect - User: Anonymous | Chức năng: isCheckBlacklist() | Thời gian thực hiện: 4 ms
2026-07-16 18:29:23.886 [http-nio-8080-exec-1] INFO  project_backend.aspect.AppAspect - User: Anonymous | Chức năng: isCheckBlacklist() | Thời gian thực hiện: 0 ms
2026-07-16 18:29:23.886 [http-nio-8080-exec-4] INFO  project_backend.aspect.AppAspect - User: Anonymous | Chức năng: isCheckBlacklist() | Thời gian thực hiện: 1 ms
2026-07-16 18:29:23.912 [http-nio-8080-exec-2] INFO  project_backend.aspect.AppAspect - User: admin | Chức năng: getCurrentUser() | Thời gian thực hiện: 11 ms
2026-07-16 18:29:23.934 [http-nio-8080-exec-4] INFO  project_backend.aspect.AppAspect - User: admin | Chức năng: getStatistics() | Thời gian thực hiện: 30 ms
2026-07-16 18:29:23.934 [http-nio-8080-exec-1] INFO  project_backend.aspect.AppAspect - User: admin | Chức năng: getUsers() | Thời gian thực hiện: 22 ms
2026-07-16 18:29:23.934 [http-nio-8080-exec-3] INFO  project_backend.aspect.AppAspect - User: Anonymous | Chức năng: isCheckBlacklist() | Thời gian thực hiện: 0 ms
2026-07-16 18:29:23.956 [http-nio-8080-exec-3] INFO  project_backend.aspect.AppAspect - User: admin | Chức năng: getCurrentUser() | Thời gian thực hiện: 13 ms
2026-07-16 18:29:23.956 [http-nio-8080-exec-8] INFO  project_backend.aspect.AppAspect - User: Anonymous | Chức năng: isCheckBlacklist() | Thời gian thực hiện: 0 ms
2026-07-16 18:29:23.956 [http-nio-8080-exec-10] INFO  project_backend.aspect.AppAspect - User: Anonymous | Chức năng: isCheckBlacklist() | Thời gian thực hiện: 0 ms
2026-07-16 18:29:23.999 [http-nio-8080-exec-10] INFO  project_backend.aspect.AppAspect - User: admin | Chức năng: getUsers() | Thời gian thực hiện: 30 ms
2026-07-16 18:29:24.002 [http-nio-8080-exec-8] INFO  project_backend.aspect.AppAspect - User: admin | Chức năng: getStatistics() | Thời gian thực hiện: 33 ms
2026-07-16 18:29:24.423 [http-nio-8080-exec-7] INFO  project_backend.aspect.AppAspect - User: Anonymous | Chức năng: isCheckBlacklist() | Thời gian thực hiện: 2 ms
2026-07-16 18:29:24.423 [http-nio-8080-exec-6] INFO  project_backend.aspect.AppAspect - User: Anonymous | Chức năng: isCheckBlacklist() | Thời gian thực hiện: 2 ms
2026-07-16 18:29:24.455 [http-nio-8080-exec-6] INFO  project_backend.aspect.AppAspect - User: admin | Chức năng: getCurrentUser() | Thời gian thực hiện: 2 ms
2026-07-16 18:29:24.467 [http-nio-8080-exec-7] INFO  project_backend.aspect.AppAspect - User: admin | Chức năng: getStatistics() | Thời gian thực hiện: 33 ms
2026-07-16 18:29:24.484 [http-nio-8080-exec-9] INFO  project_backend.aspect.AppAspect - User: Anonymous | Chức năng: isCheckBlacklist() | Thời gian thực hiện: 3 ms
2026-07-16 18:29:24.494 [http-nio-8080-exec-5] INFO  project_backend.aspect.AppAspect - User: Anonymous | Chức năng: isCheckBlacklist() | Thời gian thực hiện: 2 ms
2026-07-16 18:29:24.507 [http-nio-8080-exec-9] INFO  project_backend.aspect.AppAspect - User: admin | Chức năng: getCurrentUser() | Thời gian thực hiện: 10 ms
2026-07-16 18:29:24.559 [http-nio-8080-exec-5] INFO  project_backend.aspect.AppAspect - User: admin | Chức năng: getStatistics() | Thời gian thực hiện: 52 ms
2026-07-16 18:29:29.956 [http-nio-8080-exec-2] INFO  project_backend.aspect.AppAspect - User: Anonymous | Chức năng: isCheckBlacklist() | Thời gian thực hiện: 0 ms
2026-07-16 18:29:29.956 [http-nio-8080-exec-4] INFO  project_backend.aspect.AppAspect - User: Anonymous | Chức năng: isCheckBlacklist() | Thời gian thực hiện: 0 ms
2026-07-16 18:29:29.983 [http-nio-8080-exec-1] INFO  project_backend.aspect.AppAspect - User: Anonymous | Chức năng: isCheckBlacklist() | Thời gian thực hiện: 8 ms
2026-07-16 18:29:30.217 [http-nio-8080-exec-2] INFO  project_backend.aspect.AppAspect - User: admin | Chức năng: getStatistics() | Thời gian thực hiện: 39 ms
2026-07-16 18:29:30.265 [http-nio-8080-exec-3] INFO  project_backend.aspect.AppAspect - User: Anonymous | Chức năng: isCheckBlacklist() | Thời gian thực hiện: 13 ms
2026-07-16 18:29:30.278 [http-nio-8080-exec-4] INFO  project_backend.aspect.AppAspect - User: admin | Chức năng: getCurrentUser() | Thời gian thực hiện: 44 ms
2026-07-16 18:29:30.309 [http-nio-8080-exec-1] INFO  project_backend.aspect.AppAspect - User: admin | Chức năng: getUsers() | Thời gian thực hiện: 118 ms
2026-07-16 18:29:30.334 [http-nio-8080-exec-3] INFO  project_backend.aspect.AppAspect - User: admin | Chức năng: getStatistics() | Thời gian thực hiện: 34 ms
2026-07-16 18:29:30.585 [http-nio-8080-exec-10] INFO  project_backend.aspect.AppAspect - User: Anonymous | Chức năng: isCheckBlacklist() | Thời gian thực hiện: 50 ms
2026-07-16 18:29:30.686 [http-nio-8080-exec-8] INFO  project_backend.aspect.AppAspect - User: Anonymous | Chức năng: isCheckBlacklist() | Thời gian thực hiện: 16 ms
2026-07-16 18:29:30.746 [http-nio-8080-exec-10] INFO  project_backend.aspect.AppAspect - User: admin | Chức năng: getUsers() | Thời gian thực hiện: 94 ms
2026-07-16 18:29:30.785 [http-nio-8080-exec-8] INFO  project_backend.aspect.AppAspect - User: admin | Chức năng: getCurrentUser() | Thời gian thực hiện: 33 ms
2026-07-16 18:32:16.069 [http-nio-8080-exec-9] INFO  project_backend.aspect.AppAspect - User: Anonymous | Chức năng: isCheckBlacklist() | Thời gian thực hiện: 0 ms
2026-07-16 18:32:16.069 [http-nio-8080-exec-6] INFO  project_backend.aspect.AppAspect - User: Anonymous | Chức năng: isCheckBlacklist() | Thời gian thực hiện: 0 ms
2026-07-16 18:32:16.069 [http-nio-8080-exec-7] INFO  project_backend.aspect.AppAspect - User: Anonymous | Chức năng: isCheckBlacklist() | Thời gian thực hiện: 0 ms
2026-07-16 18:32:16.069 [http-nio-8080-exec-6] INFO  project_backend.aspect.AppAspect - User: admin | Chức năng: getCurrentUser() | Thời gian thực hiện: 0 ms
2026-07-16 18:32:16.085 [http-nio-8080-exec-9] INFO  project_backend.aspect.AppAspect - User: admin | Chức năng: getUsers() | Thời gian thực hiện: 16 ms
2026-07-16 18:32:16.085 [http-nio-8080-exec-7] INFO  project_backend.aspect.AppAspect - User: admin | Chức năng: getStatistics() | Thời gian thực hiện: 16 ms
2026-07-16 18:32:22.888 [http-nio-8080-exec-5] INFO  project_backend.aspect.AppAspect - User: Anonymous | Chức năng: isCheckBlacklist() | Thời gian thực hiện: 0 ms
2026-07-16 18:32:22.903 [http-nio-8080-exec-5] INFO  project_backend.aspect.AppAspect - User: admin | Chức năng: lockUser() | Thời gian thực hiện: 1 ms
2026-07-16 18:32:24.143 [http-nio-8080-exec-2] INFO  project_backend.aspect.AppAspect - User: Anonymous | Chức năng: isCheckBlacklist() | Thời gian thực hiện: 0 ms
2026-07-16 18:32:24.169 [http-nio-8080-exec-2] INFO  project_backend.aspect.AppAspect - User: admin | Chức năng: unlockUser() | Thời gian thực hiện: 0 ms
2026-07-16 18:33:51.650 [http-nio-8080-exec-1] INFO  project_backend.aspect.AppAspect - User: Anonymous | Chức năng: isCheckBlacklist() | Thời gian thực hiện: 3 ms
2026-07-16 18:33:51.652 [http-nio-8080-exec-3] INFO  project_backend.aspect.AppAspect - User: Anonymous | Chức năng: isCheckBlacklist() | Thời gian thực hiện: 4 ms
2026-07-16 18:33:51.687 [http-nio-8080-exec-1] INFO  project_backend.aspect.AppAspect - User: admin | Chức năng: getCurrentUser() | Thời gian thực hiện: 8 ms
2026-07-16 18:33:51.697 [http-nio-8080-exec-3] INFO  project_backend.aspect.AppAspect - User: admin | Chức năng: getStatistics() | Thời gian thực hiện: 20 ms
2026-07-16 18:33:51.727 [http-nio-8080-exec-4] INFO  project_backend.aspect.AppAspect - User: Anonymous | Chức năng: isCheckBlacklist() | Thời gian thực hiện: 5 ms
2026-07-16 18:33:51.731 [http-nio-8080-exec-10] INFO  project_backend.aspect.AppAspect - User: Anonymous | Chức năng: isCheckBlacklist() | Thời gian thực hiện: 4 ms
2026-07-16 18:33:51.757 [http-nio-8080-exec-4] INFO  project_backend.aspect.AppAspect - User: admin | Chức năng: getCurrentUser() | Thời gian thực hiện: 6 ms
2026-07-16 18:33:51.764 [http-nio-8080-exec-10] INFO  project_backend.aspect.AppAspect - User: admin | Chức năng: getStatistics() | Thời gian thực hiện: 20 ms
2026-07-16 18:33:56.901 [http-nio-8080-exec-6] INFO  project_backend.aspect.AppAspect - User: Anonymous | Chức năng: isCheckBlacklist() | Thời gian thực hiện: 2 ms
2026-07-16 18:33:56.901 [http-nio-8080-exec-8] INFO  project_backend.aspect.AppAspect - User: Anonymous | Chức năng: isCheckBlacklist() | Thời gian thực hiện: 2 ms
2026-07-16 18:33:56.901 [http-nio-8080-exec-9] INFO  project_backend.aspect.AppAspect - User: Anonymous | Chức năng: isCheckBlacklist() | Thời gian thực hiện: 2 ms
2026-07-16 18:33:56.905 [http-nio-8080-exec-8] INFO  project_backend.aspect.AppAspect - User: admin | Chức năng: getCurrentUser() | Thời gian thực hiện: 0 ms
2026-07-16 18:33:56.921 [http-nio-8080-exec-6] INFO  project_backend.aspect.AppAspect - User: admin | Chức năng: getStatistics() | Thời gian thực hiện: 16 ms
2026-07-16 18:33:56.921 [http-nio-8080-exec-9] INFO  project_backend.aspect.AppAspect - User: admin | Chức năng: getUsers() | Thời gian thực hiện: 16 ms
2026-07-16 18:33:56.934 [http-nio-8080-exec-7] INFO  project_backend.aspect.AppAspect - User: Anonymous | Chức năng: isCheckBlacklist() | Thời gian thực hiện: 8 ms
2026-07-16 18:33:56.941 [http-nio-8080-exec-7] INFO  project_backend.aspect.AppAspect - User: admin | Chức năng: getCurrentUser() | Thời gian thực hiện: 0 ms
2026-07-16 18:33:56.951 [http-nio-8080-exec-5] INFO  project_backend.aspect.AppAspect - User: Anonymous | Chức năng: isCheckBlacklist() | Thời gian thực hiện: 4 ms
2026-07-16 18:33:56.954 [http-nio-8080-exec-2] INFO  project_backend.aspect.AppAspect - User: Anonymous | Chức năng: isCheckBlacklist() | Thời gian thực hiện: 3 ms
2026-07-16 18:33:56.983 [http-nio-8080-exec-2] INFO  project_backend.aspect.AppAspect - User: admin | Chức năng: getUsers() | Thời gian thực hiện: 21 ms
2026-07-16 18:33:56.994 [http-nio-8080-exec-5] INFO  project_backend.aspect.AppAspect - User: admin | Chức năng: getStatistics() | Thời gian thực hiện: 32 ms
2026-07-16 18:48:29.726 [Thread-10] INFO  com.zaxxer.hikari.HikariDataSource - HikariPool-3 - Shutdown initiated...
2026-07-16 18:48:29.735 [Thread-10] INFO  com.zaxxer.hikari.HikariDataSource - HikariPool-3 - Shutdown completed.
2026-07-16 18:48:30.254 [restartedMain] INFO  project_backend.BackendApplication - Starting BackendApplication using Java 17.0.18 with PID 24776 (D:\HOC_LAP_TRINH\Qivora\Backend\build\classes\java\main started by HUY HOAN in D:\HOC_LAP_TRINH\Qivora\Backend)
2026-07-16 18:48:30.254 [restartedMain] INFO  project_backend.BackendApplication - No active profile set, falling back to 1 default profile: "default"
2026-07-16 18:48:31.753 [restartedMain] INFO  com.zaxxer.hikari.HikariDataSource - HikariPool-4 - Starting...
2026-07-16 18:48:31.816 [restartedMain] INFO  com.zaxxer.hikari.pool.HikariPool - HikariPool-4 - Added connection org.postgresql.jdbc.PgConnection@68da681
2026-07-16 18:48:31.822 [restartedMain] INFO  com.zaxxer.hikari.HikariDataSource - HikariPool-4 - Start completed.
2026-07-16 18:48:32.511 [restartedMain] INFO  com.zaxxer.hikari.HikariDataSource - HikariPool-4 - Shutdown initiated...
2026-07-16 18:48:32.620 [restartedMain] INFO  com.zaxxer.hikari.HikariDataSource - HikariPool-4 - Shutdown completed.
2026-07-16 18:48:34.178 [restartedMain] INFO  project_backend.BackendApplication - Starting BackendApplication using Java 17.0.18 with PID 24776 (D:\HOC_LAP_TRINH\Qivora\Backend\build\classes\java\main started by HUY HOAN in D:\HOC_LAP_TRINH\Qivora\Backend)
2026-07-16 18:48:34.178 [restartedMain] INFO  project_backend.BackendApplication - No active profile set, falling back to 1 default profile: "default"
2026-07-16 18:48:35.123 [restartedMain] INFO  com.zaxxer.hikari.HikariDataSource - HikariPool-5 - Starting...
2026-07-16 18:48:35.295 [restartedMain] INFO  com.zaxxer.hikari.pool.HikariPool - HikariPool-5 - Added connection org.postgresql.jdbc.PgConnection@66167898
2026-07-16 18:48:35.296 [restartedMain] INFO  com.zaxxer.hikari.HikariDataSource - HikariPool-5 - Start completed.
2026-07-16 18:48:37.777 [restartedMain] INFO  project_backend.BackendApplication - Started BackendApplication in 3.636 seconds (process running for 2410.694)
2026-07-16 18:49:09.193 [http-nio-8080-exec-1] INFO  project_backend.aspect.AppAspect - User: anonymousUser | Chức năng: login() | Thời gian thực hiện: 266 ms
2026-07-16 18:49:09.338 [http-nio-8080-exec-2] INFO  project_backend.aspect.AppAspect - User: Anonymous | Chức năng: isCheckBlacklist() | Thời gian thực hiện: 73 ms
2026-07-16 18:49:09.338 [http-nio-8080-exec-3] INFO  project_backend.aspect.AppAspect - User: Anonymous | Chức năng: isCheckBlacklist() | Thời gian thực hiện: 67 ms
2026-07-16 18:49:09.344 [http-nio-8080-exec-2] INFO  project_backend.aspect.AppAspect - User: admin | Chức năng: getCurrentUser() | Thời gian thực hiện: 0 ms
2026-07-16 18:49:09.359 [http-nio-8080-exec-4] INFO  project_backend.aspect.AppAspect - User: Anonymous | Chức năng: isCheckBlacklist() | Thời gian thực hiện: 0 ms
2026-07-16 18:49:09.373 [http-nio-8080-exec-4] INFO  project_backend.aspect.AppAspect - User: admin | Chức năng: getCurrentUser() | Thời gian thực hiện: 5 ms
2026-07-16 18:49:09.414 [http-nio-8080-exec-3] INFO  project_backend.aspect.AppAspect - User: admin | Chức năng: getStatistics() | Thời gian thực hiện: 61 ms
2026-07-16 18:49:09.432 [http-nio-8080-exec-5] INFO  project_backend.aspect.AppAspect - User: Anonymous | Chức năng: isCheckBlacklist() | Thời gian thực hiện: 0 ms
2026-07-16 18:49:09.462 [http-nio-8080-exec-5] INFO  project_backend.aspect.AppAspect - User: admin | Chức năng: getStatistics() | Thời gian thực hiện: 22 ms
2026-07-16 18:49:11.089 [http-nio-8080-exec-7] INFO  project_backend.aspect.AppAspect - User: Anonymous | Chức năng: isCheckBlacklist() | Thời gian thực hiện: 0 ms
2026-07-16 18:49:11.089 [http-nio-8080-exec-6] INFO  project_backend.aspect.AppAspect - User: Anonymous | Chức năng: isCheckBlacklist() | Thời gian thực hiện: 0 ms
2026-07-16 18:49:11.092 [http-nio-8080-exec-8] INFO  project_backend.aspect.AppAspect - User: Anonymous | Chức năng: isCheckBlacklist() | Thời gian thực hiện: 0 ms
2026-07-16 18:49:11.098 [http-nio-8080-exec-6] INFO  project_backend.aspect.AppAspect - User: admin | Chức năng: getCurrentUser() | Thời gian thực hiện: 4 ms
2026-07-16 18:49:11.113 [http-nio-8080-exec-9] INFO  project_backend.aspect.AppAspect - User: Anonymous | Chức năng: isCheckBlacklist() | Thời gian thực hiện: 2 ms
2026-07-16 18:49:11.114 [http-nio-8080-exec-7] INFO  project_backend.aspect.AppAspect - User: admin | Chức năng: getStatistics() | Thời gian thực hiện: 20 ms
2026-07-16 18:49:11.118 [http-nio-8080-exec-9] INFO  project_backend.aspect.AppAspect - User: admin | Chức năng: getCurrentUser() | Thời gian thực hiện: 2 ms
2026-07-16 18:49:11.121 [http-nio-8080-exec-10] INFO  project_backend.aspect.AppAspect - User: Anonymous | Chức năng: isCheckBlacklist() | Thời gian thực hiện: 0 ms
2026-07-16 18:49:11.145 [http-nio-8080-exec-10] INFO  project_backend.aspect.AppAspect - User: admin | Chức năng: getStatistics() | Thời gian thực hiện: 24 ms
2026-07-16 18:49:11.170 [http-nio-8080-exec-8] INFO  project_backend.aspect.AppAspect - User: admin | Chức năng: getQuizzes() | Thời gian thực hiện: 56 ms
2026-07-16 18:49:11.189 [http-nio-8080-exec-1] INFO  project_backend.aspect.AppAspect - User: Anonymous | Chức năng: isCheckBlacklist() | Thời gian thực hiện: 1 ms
2026-07-16 18:49:11.211 [http-nio-8080-exec-1] INFO  project_backend.aspect.AppAspect - User: admin | Chức năng: getQuizzes() | Thời gian thực hiện: 16 ms
2026-07-16 18:49:11.730 [http-nio-8080-exec-2] INFO  project_backend.aspect.AppAspect - User: Anonymous | Chức năng: isCheckBlacklist() | Thời gian thực hiện: 2 ms
2026-07-16 18:49:11.741 [http-nio-8080-exec-4] INFO  project_backend.aspect.AppAspect - User: Anonymous | Chức năng: isCheckBlacklist() | Thời gian thực hiện: 3 ms
2026-07-16 18:49:11.741 [http-nio-8080-exec-3] INFO  project_backend.aspect.AppAspect - User: Anonymous | Chức năng: isCheckBlacklist() | Thời gian thực hiện: 2 ms
2026-07-16 18:49:11.744 [http-nio-8080-exec-2] INFO  project_backend.aspect.AppAspect - User: admin | Chức năng: getCurrentUser() | Thời gian thực hiện: 6 ms
2026-07-16 18:49:11.754 [http-nio-8080-exec-5] INFO  project_backend.aspect.AppAspect - User: Anonymous | Chức năng: isCheckBlacklist() | Thời gian thực hiện: 2 ms
2026-07-16 18:49:11.754 [http-nio-8080-exec-3] INFO  project_backend.aspect.AppAspect - User: admin | Chức năng: getUsers() | Thời gian thực hiện: 7 ms
2026-07-16 18:49:11.762 [http-nio-8080-exec-5] INFO  project_backend.aspect.AppAspect - User: admin | Chức năng: getCurrentUser() | Thời gian thực hiện: 3 ms
2026-07-16 18:49:11.762 [http-nio-8080-exec-4] INFO  project_backend.aspect.AppAspect - User: admin | Chức năng: getStatistics() | Thời gian thực hiện: 16 ms
2026-07-16 18:49:11.770 [http-nio-8080-exec-6] INFO  project_backend.aspect.AppAspect - User: Anonymous | Chức năng: isCheckBlacklist() | Thời gian thực hiện: 1 ms
2026-07-16 18:49:11.779 [http-nio-8080-exec-7] INFO  project_backend.aspect.AppAspect - User: Anonymous | Chức năng: isCheckBlacklist() | Thời gian thực hiện: 2 ms
2026-07-16 18:49:11.788 [http-nio-8080-exec-6] INFO  project_backend.aspect.AppAspect - User: admin | Chức năng: getUsers() | Thời gian thực hiện: 10 ms
2026-07-16 18:49:11.809 [http-nio-8080-exec-7] INFO  project_backend.aspect.AppAspect - User: admin | Chức năng: getStatistics() | Thời gian thực hiện: 23 ms
2026-07-16 18:49:12.128 [http-nio-8080-exec-10] INFO  project_backend.aspect.AppAspect - User: Anonymous | Chức năng: isCheckBlacklist() | Thời gian thực hiện: 2 ms
2026-07-16 18:49:12.128 [http-nio-8080-exec-9] INFO  project_backend.aspect.AppAspect - User: Anonymous | Chức năng: isCheckBlacklist() | Thời gian thực hiện: 2 ms
2026-07-16 18:49:12.136 [http-nio-8080-exec-9] INFO  project_backend.aspect.AppAspect - User: admin | Chức năng: getCurrentUser() | Thời gian thực hiện: 1 ms
2026-07-16 18:49:12.141 [http-nio-8080-exec-10] INFO  project_backend.aspect.AppAspect - User: admin | Chức năng: getStatistics() | Thời gian thực hiện: 10 ms
2026-07-16 18:49:12.141 [http-nio-8080-exec-8] INFO  project_backend.aspect.AppAspect - User: Anonymous | Chức năng: isCheckBlacklist() | Thời gian thực hiện: 0 ms
2026-07-16 18:49:12.141 [http-nio-8080-exec-1] INFO  project_backend.aspect.AppAspect - User: Anonymous | Chức năng: isCheckBlacklist() | Thời gian thực hiện: 0 ms
2026-07-16 18:49:12.141 [http-nio-8080-exec-8] INFO  project_backend.aspect.AppAspect - User: admin | Chức năng: getCurrentUser() | Thời gian thực hiện: 0 ms
2026-07-16 18:49:12.180 [http-nio-8080-exec-1] INFO  project_backend.aspect.AppAspect - User: admin | Chức năng: getStatistics() | Thời gian thực hiện: 24 ms
2026-07-16 18:49:12.515 [http-nio-8080-exec-2] INFO  project_backend.aspect.AppAspect - User: Anonymous | Chức năng: isCheckBlacklist() | Thời gian thực hiện: 1 ms
2026-07-16 18:49:12.517 [http-nio-8080-exec-3] INFO  project_backend.aspect.AppAspect - User: Anonymous | Chức năng: isCheckBlacklist() | Thời gian thực hiện: 2 ms
2026-07-16 18:49:12.517 [http-nio-8080-exec-4] INFO  project_backend.aspect.AppAspect - User: Anonymous | Chức năng: isCheckBlacklist() | Thời gian thực hiện: 1 ms
2026-07-16 18:49:12.517 [http-nio-8080-exec-2] INFO  project_backend.aspect.AppAspect - User: admin | Chức năng: getCurrentUser() | Thời gian thực hiện: 0 ms
2026-07-16 18:49:12.529 [http-nio-8080-exec-3] INFO  project_backend.aspect.AppAspect - User: admin | Chức năng: getStatistics() | Thời gian thực hiện: 12 ms
2026-07-16 18:49:12.529 [http-nio-8080-exec-5] INFO  project_backend.aspect.AppAspect - User: Anonymous | Chức năng: isCheckBlacklist() | Thời gian thực hiện: 1 ms
2026-07-16 18:49:12.533 [http-nio-8080-exec-4] INFO  project_backend.aspect.AppAspect - User: admin | Chức năng: getQuizzes() | Thời gian thực hiện: 16 ms
2026-07-16 18:49:12.543 [http-nio-8080-exec-6] INFO  project_backend.aspect.AppAspect - User: Anonymous | Chức năng: isCheckBlacklist() | Thời gian thực hiện: 1 ms
2026-07-16 18:49:12.543 [http-nio-8080-exec-5] INFO  project_backend.aspect.AppAspect - User: admin | Chức năng: getCurrentUser() | Thời gian thực hiện: 2 ms
2026-07-16 18:49:12.546 [http-nio-8080-exec-7] INFO  project_backend.aspect.AppAspect - User: Anonymous | Chức năng: isCheckBlacklist() | Thời gian thực hiện: 1 ms
2026-07-16 18:49:12.564 [http-nio-8080-exec-6] INFO  project_backend.aspect.AppAspect - User: admin | Chức năng: getStatistics() | Thời gian thực hiện: 17 ms
2026-07-16 18:49:12.572 [http-nio-8080-exec-7] INFO  project_backend.aspect.AppAspect - User: admin | Chức năng: getQuizzes() | Thời gian thực hiện: 22 ms
2026-07-16 18:49:41.087 [http-nio-8080-exec-9] INFO  project_backend.aspect.AppAspect - User: Anonymous | Chức năng: isCheckBlacklist() | Thời gian thực hiện: 2 ms
2026-07-16 18:49:41.103 [http-nio-8080-exec-9] INFO  project_backend.aspect.AppAspect - User: admin | Chức năng: softDeleteViolationQuiz() | Thời gian thực hiện: 2 ms
2026-07-16 18:49:41.128 [http-nio-8080-exec-8] INFO  project_backend.aspect.AppAspect - User: Anonymous | Chức năng: isCheckBlacklist() | Thời gian thực hiện: 0 ms
2026-07-16 18:49:41.128 [http-nio-8080-exec-10] INFO  project_backend.aspect.AppAspect - User: Anonymous | Chức năng: isCheckBlacklist() | Thời gian thực hiện: 0 ms
2026-07-16 18:49:41.145 [http-nio-8080-exec-8] INFO  project_backend.aspect.AppAspect - User: admin | Chức năng: getStatistics() | Thời gian thực hiện: 6 ms
2026-07-16 18:49:41.151 [http-nio-8080-exec-10] INFO  project_backend.aspect.AppAspect - User: admin | Chức năng: getQuizzes() | Thời gian thực hiện: 11 ms
2026-07-16 18:50:59.290 [http-nio-8080-exec-1] INFO  project_backend.aspect.AppAspect - User: Anonymous | Chức năng: isCheckBlacklist() | Thời gian thực hiện: 1 ms
2026-07-16 18:50:59.291 [http-nio-8080-exec-2] INFO  project_backend.aspect.AppAspect - User: Anonymous | Chức năng: isCheckBlacklist() | Thời gian thực hiện: 1 ms
2026-07-16 18:50:59.293 [http-nio-8080-exec-3] INFO  project_backend.aspect.AppAspect - User: Anonymous | Chức năng: isCheckBlacklist() | Thời gian thực hiện: 0 ms
2026-07-16 18:50:59.295 [http-nio-8080-exec-1] INFO  project_backend.aspect.AppAspect - User: admin | Chức năng: getCurrentUser() | Thời gian thực hiện: 0 ms
2026-07-16 18:50:59.301 [http-nio-8080-exec-3] INFO  project_backend.aspect.AppAspect - User: admin | Chức năng: getUsers() | Thời gian thực hiện: 6 ms
2026-07-16 18:50:59.301 [http-nio-8080-exec-2] INFO  project_backend.aspect.AppAspect - User: admin | Chức năng: getStatistics() | Thời gian thực hiện: 6 ms
2026-07-16 18:50:59.301 [http-nio-8080-exec-4] INFO  project_backend.aspect.AppAspect - User: Anonymous | Chức năng: isCheckBlacklist() | Thời gian thực hiện: 0 ms
2026-07-16 18:50:59.301 [http-nio-8080-exec-4] INFO  project_backend.aspect.AppAspect - User: admin | Chức năng: getCurrentUser() | Thời gian thực hiện: 0 ms
2026-07-16 18:50:59.301 [http-nio-8080-exec-5] INFO  project_backend.aspect.AppAspect - User: Anonymous | Chức năng: isCheckBlacklist() | Thời gian thực hiện: 0 ms
2026-07-16 18:50:59.301 [http-nio-8080-exec-6] INFO  project_backend.aspect.AppAspect - User: Anonymous | Chức năng: isCheckBlacklist() | Thời gian thực hiện: 0 ms
2026-07-16 18:50:59.319 [http-nio-8080-exec-6] INFO  project_backend.aspect.AppAspect - User: admin | Chức năng: getUsers() | Thời gian thực hiện: 9 ms
2026-07-16 18:50:59.325 [http-nio-8080-exec-5] INFO  project_backend.aspect.AppAspect - User: admin | Chức năng: getStatistics() | Thời gian thực hiện: 15 ms
2026-07-16 18:51:00.976 [http-nio-8080-exec-7] INFO  project_backend.aspect.AppAspect - User: Anonymous | Chức năng: isCheckBlacklist() | Thời gian thực hiện: 2 ms
2026-07-16 18:51:00.976 [http-nio-8080-exec-9] INFO  project_backend.aspect.AppAspect - User: Anonymous | Chức năng: isCheckBlacklist() | Thời gian thực hiện: 0 ms
2026-07-16 18:51:00.976 [http-nio-8080-exec-8] INFO  project_backend.aspect.AppAspect - User: Anonymous | Chức năng: isCheckBlacklist() | Thời gian thực hiện: 0 ms
2026-07-16 18:51:00.976 [http-nio-8080-exec-7] INFO  project_backend.aspect.AppAspect - User: admin | Chức năng: getCurrentUser() | Thời gian thực hiện: 0 ms
2026-07-16 18:51:00.995 [http-nio-8080-exec-9] INFO  project_backend.aspect.AppAspect - User: admin | Chức năng: getStatistics() | Thời gian thực hiện: 19 ms
2026-07-16 18:51:00.995 [http-nio-8080-exec-10] INFO  project_backend.aspect.AppAspect - User: Anonymous | Chức năng: isCheckBlacklist() | Thời gian thực hiện: 0 ms
2026-07-16 18:51:00.999 [http-nio-8080-exec-8] INFO  project_backend.aspect.AppAspect - User: admin | Chức năng: getQuizzes() | Thời gian thực hiện: 23 ms
2026-07-16 18:51:00.999 [http-nio-8080-exec-10] INFO  project_backend.aspect.AppAspect - User: admin | Chức năng: getCurrentUser() | Thời gian thực hiện: 0 ms
2026-07-16 18:51:01.004 [http-nio-8080-exec-1] INFO  project_backend.aspect.AppAspect - User: Anonymous | Chức năng: isCheckBlacklist() | Thời gian thực hiện: 1 ms
2026-07-16 18:51:01.004 [http-nio-8080-exec-2] INFO  project_backend.aspect.AppAspect - User: Anonymous | Chức năng: isCheckBlacklist() | Thời gian thực hiện: 0 ms
2026-07-16 18:51:01.011 [http-nio-8080-exec-1] INFO  project_backend.aspect.AppAspect - User: admin | Chức năng: getStatistics() | Thời gian thực hiện: 7 ms
2026-07-16 18:51:01.018 [http-nio-8080-exec-2] INFO  project_backend.aspect.AppAspect - User: admin | Chức năng: getQuizzes() | Thời gian thực hiện: 14 ms
2026-07-16 18:51:01.357 [http-nio-8080-exec-3] INFO  project_backend.aspect.AppAspect - User: Anonymous | Chức năng: isCheckBlacklist() | Thời gian thực hiện: 1 ms
2026-07-16 18:51:01.358 [http-nio-8080-exec-4] INFO  project_backend.aspect.AppAspect - User: Anonymous | Chức năng: isCheckBlacklist() | Thời gian thực hiện: 1 ms
2026-07-16 18:51:01.365 [http-nio-8080-exec-3] INFO  project_backend.aspect.AppAspect - User: admin | Chức năng: getCurrentUser() | Thời gian thực hiện: 0 ms
2026-07-16 18:51:01.378 [http-nio-8080-exec-6] INFO  project_backend.aspect.AppAspect - User: Anonymous | Chức năng: isCheckBlacklist() | Thời gian thực hiện: 0 ms
2026-07-16 18:51:01.378 [http-nio-8080-exec-4] INFO  project_backend.aspect.AppAspect - User: admin | Chức năng: getStatistics() | Thời gian thực hiện: 13 ms
2026-07-16 18:51:01.384 [http-nio-8080-exec-6] INFO  project_backend.aspect.AppAspect - User: admin | Chức năng: getCurrentUser() | Thời gian thực hiện: 0 ms
2026-07-16 18:51:01.384 [http-nio-8080-exec-5] INFO  project_backend.aspect.AppAspect - User: Anonymous | Chức năng: isCheckBlacklist() | Thời gian thực hiện: 0 ms
2026-07-16 18:51:01.393 [http-nio-8080-exec-5] INFO  project_backend.aspect.AppAspect - User: admin | Chức năng: getStatistics() | Thời gian thực hiện: 9 ms
2026-07-16 18:51:01.954 [http-nio-8080-exec-7] INFO  project_backend.aspect.AppAspect - User: Anonymous | Chức năng: isCheckBlacklist() | Thời gian thực hiện: 1 ms
2026-07-16 18:51:01.954 [http-nio-8080-exec-9] INFO  project_backend.aspect.AppAspect - User: Anonymous | Chức năng: isCheckBlacklist() | Thời gian thực hiện: 0 ms
2026-07-16 18:51:01.954 [http-nio-8080-exec-8] INFO  project_backend.aspect.AppAspect - User: Anonymous | Chức năng: isCheckBlacklist() | Thời gian thực hiện: 0 ms
2026-07-16 18:51:01.962 [http-nio-8080-exec-7] INFO  project_backend.aspect.AppAspect - User: admin | Chức năng: getCurrentUser() | Thời gian thực hiện: 8 ms
2026-07-16 18:51:01.971 [http-nio-8080-exec-9] INFO  project_backend.aspect.AppAspect - User: admin | Chức năng: getStatistics() | Thời gian thực hiện: 17 ms
2026-07-16 18:51:01.972 [http-nio-8080-exec-8] INFO  project_backend.aspect.AppAspect - User: admin | Chức năng: getQuizzes() | Thời gian thực hiện: 18 ms
2026-07-16 18:51:01.973 [http-nio-8080-exec-10] INFO  project_backend.aspect.AppAspect - User: Anonymous | Chức năng: isCheckBlacklist() | Thời gian thực hiện: 2 ms
2026-07-16 18:51:01.977 [http-nio-8080-exec-10] INFO  project_backend.aspect.AppAspect - User: admin | Chức năng: getCurrentUser() | Thời gian thực hiện: 0 ms
2026-07-16 18:51:01.981 [http-nio-8080-exec-1] INFO  project_backend.aspect.AppAspect - User: Anonymous | Chức năng: isCheckBlacklist() | Thời gian thực hiện: 4 ms
2026-07-16 18:51:01.982 [http-nio-8080-exec-10] INFO  project_backend.aspect.AppAspect - User: Anonymous | Chức năng: isCheckBlacklist() | Thời gian thực hiện: 1 ms
2026-07-16 18:51:02.006 [http-nio-8080-exec-1] INFO  project_backend.aspect.AppAspect - User: admin | Chức năng: getStatistics() | Thời gian thực hiện: 19 ms
2026-07-16 18:51:02.010 [http-nio-8080-exec-10] INFO  project_backend.aspect.AppAspect - User: admin | Chức năng: getQuizzes() | Thời gian thực hiện: 23 ms
2026-07-16 18:56:15.061 [http-nio-8080-exec-3] INFO  project_backend.aspect.AppAspect - User: Anonymous | Chức năng: isCheckBlacklist() | Thời gian thực hiện: 1 ms
2026-07-16 18:56:15.064 [http-nio-8080-exec-4] INFO  project_backend.aspect.AppAspect - User: Anonymous | Chức năng: isCheckBlacklist() | Thời gian thực hiện: 1 ms
2026-07-16 18:56:15.066 [http-nio-8080-exec-3] INFO  project_backend.aspect.AppAspect - User: admin | Chức năng: getCurrentUser() | Thời gian thực hiện: 1 ms
2026-07-16 18:56:15.069 [http-nio-8080-exec-6] INFO  project_backend.aspect.AppAspect - User: Anonymous | Chức năng: isCheckBlacklist() | Thời gian thực hiện: 2 ms
2026-07-16 18:56:15.080 [http-nio-8080-exec-4] INFO  project_backend.aspect.AppAspect - User: admin | Chức năng: getStatistics() | Thời gian thực hiện: 13 ms
2026-07-16 18:56:15.086 [http-nio-8080-exec-6] INFO  project_backend.aspect.AppAspect - User: admin | Chức năng: getQuizzes() | Thời gian thực hiện: 11 ms
2026-07-16 18:56:15.088 [http-nio-8080-exec-5] INFO  project_backend.aspect.AppAspect - User: Anonymous | Chức năng: isCheckBlacklist() | Thời gian thực hiện: 1 ms
2026-07-16 18:56:15.092 [http-nio-8080-exec-7] INFO  project_backend.aspect.AppAspect - User: Anonymous | Chức năng: isCheckBlacklist() | Thời gian thực hiện: 1 ms
2026-07-16 18:56:15.093 [http-nio-8080-exec-5] INFO  project_backend.aspect.AppAspect - User: admin | Chức năng: getCurrentUser() | Thời gian thực hiện: 1 ms
2026-07-16 18:56:15.099 [http-nio-8080-exec-9] INFO  project_backend.aspect.AppAspect - User: Anonymous | Chức năng: isCheckBlacklist() | Thời gian thực hiện: 1 ms
2026-07-16 18:56:15.105 [http-nio-8080-exec-7] INFO  project_backend.aspect.AppAspect - User: admin | Chức năng: getStatistics() | Thời gian thực hiện: 11 ms
2026-07-16 18:56:15.116 [http-nio-8080-exec-9] INFO  project_backend.aspect.AppAspect - User: admin | Chức năng: getQuizzes() | Thời gian thực hiện: 13 ms
2026-07-16 18:56:18.931 [http-nio-8080-exec-8] INFO  project_backend.aspect.AppAspect - User: Anonymous | Chức năng: isCheckBlacklist() | Thời gian thực hiện: 2 ms
2026-07-16 18:56:18.931 [http-nio-8080-exec-2] INFO  project_backend.aspect.AppAspect - User: Anonymous | Chức năng: isCheckBlacklist() | Thời gian thực hiện: 2 ms
2026-07-16 18:56:18.934 [http-nio-8080-exec-1] INFO  project_backend.aspect.AppAspect - User: Anonymous | Chức năng: isCheckBlacklist() | Thời gian thực hiện: 1 ms
2026-07-16 18:56:18.936 [http-nio-8080-exec-8] INFO  project_backend.aspect.AppAspect - User: admin | Chức năng: getCurrentUser() | Thời gian thực hiện: 1 ms
2026-07-16 18:56:18.943 [http-nio-8080-exec-2] INFO  project_backend.aspect.AppAspect - User: admin | Chức năng: getStatistics() | Thời gian thực hiện: 8 ms
2026-07-16 18:56:18.946 [http-nio-8080-exec-10] INFO  project_backend.aspect.AppAspect - User: Anonymous | Chức năng: isCheckBlacklist() | Thời gian thực hiện: 0 ms
2026-07-16 18:56:18.950 [http-nio-8080-exec-1] INFO  project_backend.aspect.AppAspect - User: admin | Chức năng: getQuizzes() | Thời gian thực hiện: 11 ms
2026-07-16 18:56:18.951 [http-nio-8080-exec-10] INFO  project_backend.aspect.AppAspect - User: admin | Chức năng: getCurrentUser() | Thời gian thực hiện: 2 ms
2026-07-16 18:56:18.952 [http-nio-8080-exec-3] INFO  project_backend.aspect.AppAspect - User: Anonymous | Chức năng: isCheckBlacklist() | Thời gian thực hiện: 1 ms
2026-07-16 18:56:18.958 [http-nio-8080-exec-4] INFO  project_backend.aspect.AppAspect - User: Anonymous | Chức năng: isCheckBlacklist() | Thời gian thực hiện: 1 ms
2026-07-16 18:56:18.962 [http-nio-8080-exec-3] INFO  project_backend.aspect.AppAspect - User: admin | Chức năng: getStatistics() | Thời gian thực hiện: 7 ms
2026-07-16 18:56:18.970 [http-nio-8080-exec-4] INFO  project_backend.aspect.AppAspect - User: admin | Chức năng: getQuizzes() | Thời gian thực hiện: 8 ms
2026-07-16 18:56:19.718 [http-nio-8080-exec-6] INFO  project_backend.aspect.AppAspect - User: Anonymous | Chức năng: isCheckBlacklist() | Thời gian thực hiện: 0 ms
2026-07-16 18:56:19.721 [http-nio-8080-exec-5] INFO  project_backend.aspect.AppAspect - User: Anonymous | Chức năng: isCheckBlacklist() | Thời gian thực hiện: 0 ms
2026-07-16 18:56:19.723 [http-nio-8080-exec-6] INFO  project_backend.aspect.AppAspect - User: admin | Chức năng: getCurrentUser() | Thời gian thực hiện: 1 ms
2026-07-16 18:56:19.723 [http-nio-8080-exec-7] INFO  project_backend.aspect.AppAspect - User: Anonymous | Chức năng: isCheckBlacklist() | Thời gian thực hiện: 0 ms
2026-07-16 18:56:19.730 [http-nio-8080-exec-5] INFO  project_backend.aspect.AppAspect - User: admin | Chức năng: getStatistics() | Thời gian thực hiện: 7 ms
2026-07-16 18:56:19.735 [http-nio-8080-exec-7] INFO  project_backend.aspect.AppAspect - User: admin | Chức năng: getQuizzes() | Thời gian thực hiện: 8 ms
2026-07-16 18:58:49.563 [http-nio-8080-exec-8] INFO  project_backend.aspect.AppAspect - User: Anonymous | Chức năng: isCheckBlacklist() | Thời gian thực hiện: 0 ms
2026-07-16 18:58:49.568 [http-nio-8080-exec-2] INFO  project_backend.aspect.AppAspect - User: Anonymous | Chức năng: isCheckBlacklist() | Thời gian thực hiện: 5 ms
2026-07-16 18:58:49.563 [http-nio-8080-exec-9] INFO  project_backend.aspect.AppAspect - User: Anonymous | Chức năng: isCheckBlacklist() | Thời gian thực hiện: 0 ms
2026-07-16 18:58:49.573 [http-nio-8080-exec-9] INFO  project_backend.aspect.AppAspect - User: admin | Chức năng: getCurrentUser() | Thời gian thực hiện: 3 ms
2026-07-16 18:58:49.583 [http-nio-8080-exec-1] INFO  project_backend.aspect.AppAspect - User: Anonymous | Chức năng: isCheckBlacklist() | Thời gian thực hiện: 0 ms
2026-07-16 18:58:49.583 [http-nio-8080-exec-8] INFO  project_backend.aspect.AppAspect - User: admin | Chức năng: getStatistics() | Thời gian thực hiện: 13 ms
2026-07-16 18:58:49.589 [http-nio-8080-exec-1] INFO  project_backend.aspect.AppAspect - User: admin | Chức năng: getCurrentUser() | Thời gian thực hiện: 6 ms
2026-07-16 18:58:49.593 [http-nio-8080-exec-10] INFO  project_backend.aspect.AppAspect - User: Anonymous | Chức năng: isCheckBlacklist() | Thời gian thực hiện: 0 ms
2026-07-16 18:58:49.604 [http-nio-8080-exec-10] INFO  project_backend.aspect.AppAspect - User: admin | Chức năng: getStatistics() | Thời gian thực hiện: 8 ms
2026-07-16 18:58:49.631 [http-nio-8080-exec-2] INFO  project_backend.aspect.AppAspect - User: admin | Chức năng: getAllFeedback() | Thời gian thực hiện: 61 ms
2026-07-16 18:58:49.645 [http-nio-8080-exec-3] INFO  project_backend.aspect.AppAspect - User: Anonymous | Chức năng: isCheckBlacklist() | Thời gian thực hiện: 0 ms
2026-07-16 18:58:49.661 [http-nio-8080-exec-3] INFO  project_backend.aspect.AppAspect - User: admin | Chức năng: getAllFeedback() | Thời gian thực hiện: 7 ms
2026-07-16 18:59:03.145 [http-nio-8080-exec-4] INFO  project_backend.aspect.AppAspect - User: Anonymous | Chức năng: isCheckBlacklist() | Thời gian thực hiện: 2 ms
2026-07-16 18:59:03.145 [http-nio-8080-exec-6] INFO  project_backend.aspect.AppAspect - User: Anonymous | Chức năng: isCheckBlacklist() | Thời gian thực hiện: 2 ms
2026-07-16 18:59:03.149 [http-nio-8080-exec-4] INFO  project_backend.aspect.AppAspect - User: admin | Chức năng: getCurrentUser() | Thời gian thực hiện: 1 ms
2026-07-16 18:59:03.150 [http-nio-8080-exec-6] INFO  project_backend.aspect.AppAspect - User: admin | Chức năng: getStatistics() | Thời gian thực hiện: 2 ms
2026-07-16 18:59:03.150 [http-nio-8080-exec-5] INFO  project_backend.aspect.AppAspect - User: Anonymous | Chức năng: isCheckBlacklist() | Thời gian thực hiện: 0 ms
2026-07-16 18:59:03.150 [http-nio-8080-exec-5] INFO  project_backend.aspect.AppAspect - User: admin | Chức năng: getCurrentUser() | Thời gian thực hiện: 0 ms
2026-07-16 18:59:03.150 [http-nio-8080-exec-7] INFO  project_backend.aspect.AppAspect - User: Anonymous | Chức năng: isCheckBlacklist() | Thời gian thực hiện: 0 ms
2026-07-16 18:59:03.174 [http-nio-8080-exec-7] INFO  project_backend.aspect.AppAspect - User: admin | Chức năng: getStatistics() | Thời gian thực hiện: 23 ms
2026-07-16 18:59:05.008 [http-nio-8080-exec-8] INFO  project_backend.aspect.AppAspect - User: Anonymous | Chức năng: isCheckBlacklist() | Thời gian thực hiện: 1 ms
2026-07-16 18:59:05.008 [http-nio-8080-exec-9] INFO  project_backend.aspect.AppAspect - User: Anonymous | Chức năng: isCheckBlacklist() | Thời gian thực hiện: 1 ms
2026-07-16 18:59:05.012 [http-nio-8080-exec-1] INFO  project_backend.aspect.AppAspect - User: Anonymous | Chức năng: isCheckBlacklist() | Thời gian thực hiện: 1 ms
2026-07-16 18:59:05.015 [http-nio-8080-exec-9] INFO  project_backend.aspect.AppAspect - User: admin | Chức năng: getCurrentUser() | Thời gian thực hiện: 2 ms
2026-07-16 18:59:05.018 [http-nio-8080-exec-1] INFO  project_backend.aspect.AppAspect - User: admin | Chức năng: getAllFeedback() | Thời gian thực hiện: 2 ms
2026-07-16 18:59:05.018 [http-nio-8080-exec-8] INFO  project_backend.aspect.AppAspect - User: admin | Chức năng: getStatistics() | Thời gian thực hiện: 5 ms
2026-07-16 18:59:05.018 [http-nio-8080-exec-10] INFO  project_backend.aspect.AppAspect - User: Anonymous | Chức năng: isCheckBlacklist() | Thời gian thực hiện: 0 ms
2026-07-16 18:59:05.018 [http-nio-8080-exec-10] INFO  project_backend.aspect.AppAspect - User: admin | Chức năng: getCurrentUser() | Thời gian thực hiện: 0 ms
2026-07-16 18:59:05.018 [http-nio-8080-exec-2] INFO  project_backend.aspect.AppAspect - User: Anonymous | Chức năng: isCheckBlacklist() | Thời gian thực hiện: 0 ms
2026-07-16 18:59:05.033 [http-nio-8080-exec-3] INFO  project_backend.aspect.AppAspect - User: Anonymous | Chức năng: isCheckBlacklist() | Thời gian thực hiện: 0 ms
2026-07-16 18:59:05.037 [http-nio-8080-exec-2] INFO  project_backend.aspect.AppAspect - User: admin | Chức năng: getAllFeedback() | Thời gian thực hiện: 4 ms
2026-07-16 18:59:05.050 [http-nio-8080-exec-3] INFO  project_backend.aspect.AppAspect - User: admin | Chức năng: getStatistics() | Thời gian thực hiện: 13 ms
2026-07-16 19:01:57.423 [http-nio-8080-exec-8] INFO  project_backend.aspect.AppAspect - User: anonymousUser | Chức năng: login() | Thời gian thực hiện: 138 ms
2026-07-16 19:01:57.473 [http-nio-8080-exec-10] INFO  project_backend.aspect.AppAspect - User: Anonymous | Chức năng: isCheckBlacklist() | Thời gian thực hiện: 1 ms
2026-07-16 19:01:57.473 [http-nio-8080-exec-2] INFO  project_backend.aspect.AppAspect - User: Anonymous | Chức năng: isCheckBlacklist() | Thời gian thực hiện: 0 ms
2026-07-16 19:01:57.475 [http-nio-8080-exec-10] INFO  project_backend.aspect.AppAspect - User: admin | Chức năng: getCurrentUser() | Thời gian thực hiện: 0 ms
2026-07-16 19:01:57.489 [http-nio-8080-exec-2] INFO  project_backend.aspect.AppAspect - User: admin | Chức năng: getStatistics() | Thời gian thực hiện: 14 ms
2026-07-16 19:01:57.489 [http-nio-8080-exec-3] INFO  project_backend.aspect.AppAspect - User: Anonymous | Chức năng: isCheckBlacklist() | Thời gian thực hiện: 2 ms
2026-07-16 19:01:57.495 [http-nio-8080-exec-3] INFO  project_backend.aspect.AppAspect - User: admin | Chức năng: getCurrentUser() | Thời gian thực hiện: 1 ms
2026-07-16 19:01:57.497 [http-nio-8080-exec-4] INFO  project_backend.aspect.AppAspect - User: Anonymous | Chức năng: isCheckBlacklist() | Thời gian thực hiện: 0 ms
2026-07-16 19:01:57.497 [http-nio-8080-exec-4] INFO  project_backend.aspect.AppAspect - User: admin | Chức năng: getStatistics() | Thời gian thực hiện: 0 ms
2026-07-16 19:01:59.559 [http-nio-8080-exec-5] INFO  project_backend.aspect.AppAspect - User: Anonymous | Chức năng: isCheckBlacklist() | Thời gian thực hiện: 1 ms
2026-07-16 19:01:59.559 [http-nio-8080-exec-6] INFO  project_backend.aspect.AppAspect - User: Anonymous | Chức năng: isCheckBlacklist() | Thời gian thực hiện: 1 ms
2026-07-16 19:01:59.561 [http-nio-8080-exec-7] INFO  project_backend.aspect.AppAspect - User: Anonymous | Chức năng: isCheckBlacklist() | Thời gian thực hiện: 2 ms
2026-07-16 19:01:59.566 [http-nio-8080-exec-6] INFO  project_backend.aspect.AppAspect - User: admin | Chức năng: getCurrentUser() | Thời gian thực hiện: 0 ms
2026-07-16 19:01:59.566 [http-nio-8080-exec-7] INFO  project_backend.aspect.AppAspect - User: admin | Chức năng: getAllFeedback() | Thời gian thực hiện: 5 ms
2026-07-16 19:01:59.573 [http-nio-8080-exec-5] INFO  project_backend.aspect.AppAspect - User: admin | Chức năng: getStatistics() | Thời gian thực hiện: 12 ms
2026-07-16 19:01:59.574 [http-nio-8080-exec-9] INFO  project_backend.aspect.AppAspect - User: Anonymous | Chức năng: isCheckBlacklist() | Thời gian thực hiện: 0 ms
2026-07-16 19:01:59.579 [http-nio-8080-exec-9] INFO  project_backend.aspect.AppAspect - User: admin | Chức năng: getCurrentUser() | Thời gian thực hiện: 1 ms
2026-07-16 19:01:59.579 [http-nio-8080-exec-1] INFO  project_backend.aspect.AppAspect - User: Anonymous | Chức năng: isCheckBlacklist() | Thời gian thực hiện: 0 ms
2026-07-16 19:01:59.579 [http-nio-8080-exec-8] INFO  project_backend.aspect.AppAspect - User: Anonymous | Chức năng: isCheckBlacklist() | Thời gian thực hiện: 0 ms
2026-07-16 19:01:59.579 [http-nio-8080-exec-1] INFO  project_backend.aspect.AppAspect - User: admin | Chức năng: getAllFeedback() | Thời gian thực hiện: 0 ms
2026-07-16 19:01:59.593 [http-nio-8080-exec-8] INFO  project_backend.aspect.AppAspect - User: admin | Chức năng: getStatistics() | Thời gian thực hiện: 13 ms
2026-07-16 19:02:01.320 [http-nio-8080-exec-10] INFO  project_backend.aspect.AppAspect - User: Anonymous | Chức năng: isCheckBlacklist() | Thời gian thực hiện: 1 ms
2026-07-16 19:02:01.342 [http-nio-8080-exec-10] INFO  project_backend.aspect.AppAspect - User: admin | Chức năng: markAsRead() | Thời gian thực hiện: 16 ms
2026-07-16 19:02:01.364 [http-nio-8080-exec-2] INFO  project_backend.aspect.AppAspect - User: Anonymous | Chức năng: isCheckBlacklist() | Thời gian thực hiện: 0 ms
2026-07-16 19:02:01.380 [http-nio-8080-exec-2] INFO  project_backend.aspect.AppAspect - User: admin | Chức năng: getStatistics() | Thời gian thực hiện: 9 ms
2026-07-16 19:02:02.247 [http-nio-8080-exec-3] INFO  project_backend.aspect.AppAspect - User: Anonymous | Chức năng: isCheckBlacklist() | Thời gian thực hiện: 2 ms
2026-07-16 19:02:02.257 [http-nio-8080-exec-3] INFO  project_backend.aspect.AppAspect - User: admin | Chức năng: markAsRead() | Thời gian thực hiện: 7 ms
2026-07-16 19:02:02.270 [http-nio-8080-exec-4] INFO  project_backend.aspect.AppAspect - User: Anonymous | Chức năng: isCheckBlacklist() | Thời gian thực hiện: 0 ms
2026-07-16 19:02:02.284 [http-nio-8080-exec-4] INFO  project_backend.aspect.AppAspect - User: admin | Chức năng: getStatistics() | Thời gian thực hiện: 10 ms
2026-07-16 19:02:02.657 [http-nio-8080-exec-6] INFO  project_backend.aspect.AppAspect - User: Anonymous | Chức năng: isCheckBlacklist() | Thời gian thực hiện: 1 ms
2026-07-16 19:02:02.665 [http-nio-8080-exec-6] INFO  project_backend.aspect.AppAspect - User: admin | Chức năng: markAsRead() | Thời gian thực hiện: 5 ms
2026-07-16 19:02:02.687 [http-nio-8080-exec-7] INFO  project_backend.aspect.AppAspect - User: Anonymous | Chức năng: isCheckBlacklist() | Thời gian thực hiện: 0 ms
2026-07-16 19:02:02.703 [http-nio-8080-exec-7] INFO  project_backend.aspect.AppAspect - User: admin | Chức năng: getStatistics() | Thời gian thực hiện: 11 ms
2026-07-16 19:02:13.680 [http-nio-8080-exec-9] INFO  project_backend.aspect.AppAspect - User: Anonymous | Chức năng: isCheckBlacklist() | Thời gian thực hiện: 1 ms
2026-07-16 19:02:13.680 [http-nio-8080-exec-5] INFO  project_backend.aspect.AppAspect - User: Anonymous | Chức năng: isCheckBlacklist() | Thời gian thực hiện: 1 ms
2026-07-16 19:02:13.681 [http-nio-8080-exec-5] INFO  project_backend.aspect.AppAspect - User: admin | Chức năng: getCurrentUser() | Thời gian thực hiện: 0 ms
2026-07-16 19:02:13.691 [http-nio-8080-exec-9] INFO  project_backend.aspect.AppAspect - User: admin | Chức năng: getStatistics() | Thời gian thực hiện: 10 ms
2026-07-16 19:02:13.691 [http-nio-8080-exec-1] INFO  project_backend.aspect.AppAspect - User: Anonymous | Chức năng: isCheckBlacklist() | Thời gian thực hiện: 0 ms
2026-07-16 19:02:13.699 [http-nio-8080-exec-1] INFO  project_backend.aspect.AppAspect - User: admin | Chức năng: getCurrentUser() | Thời gian thực hiện: 2 ms
2026-07-16 19:02:13.703 [http-nio-8080-exec-8] INFO  project_backend.aspect.AppAspect - User: Anonymous | Chức năng: isCheckBlacklist() | Thời gian thực hiện: 2 ms
2026-07-16 19:02:13.703 [http-nio-8080-exec-8] INFO  project_backend.aspect.AppAspect - User: admin | Chức năng: getStatistics() | Thời gian thực hiện: 0 ms
2026-07-16 19:02:14.283 [http-nio-8080-exec-2] INFO  project_backend.aspect.AppAspect - User: Anonymous | Chức năng: isCheckBlacklist() | Thời gian thực hiện: 0 ms
2026-07-16 19:02:14.283 [http-nio-8080-exec-10] INFO  project_backend.aspect.AppAspect - User: Anonymous | Chức năng: isCheckBlacklist() | Thời gian thực hiện: 0 ms
2026-07-16 19:02:14.286 [http-nio-8080-exec-3] INFO  project_backend.aspect.AppAspect - User: Anonymous | Chức năng: isCheckBlacklist() | Thời gian thực hiện: 1 ms
2026-07-16 19:02:14.289 [http-nio-8080-exec-10] INFO  project_backend.aspect.AppAspect - User: admin | Chức năng: getCurrentUser() | Thời gian thực hiện: 1 ms
2026-07-16 19:02:14.292 [http-nio-8080-exec-3] INFO  project_backend.aspect.AppAspect - User: admin | Chức năng: getUsers() | Thời gian thực hiện: 3 ms
2026-07-16 19:02:14.292 [http-nio-8080-exec-2] INFO  project_backend.aspect.AppAspect - User: admin | Chức năng: getStatistics() | Thời gian thực hiện: 4 ms
2026-07-16 19:02:14.297 [http-nio-8080-exec-4] INFO  project_backend.aspect.AppAspect - User: Anonymous | Chức năng: isCheckBlacklist() | Thời gian thực hiện: 2 ms
2026-07-16 19:02:14.297 [http-nio-8080-exec-4] INFO  project_backend.aspect.AppAspect - User: admin | Chức năng: getCurrentUser() | Thời gian thực hiện: 0 ms
2026-07-16 19:02:14.300 [http-nio-8080-exec-7] INFO  project_backend.aspect.AppAspect - User: Anonymous | Chức năng: isCheckBlacklist() | Thời gian thực hiện: 3 ms
2026-07-16 19:02:14.300 [http-nio-8080-exec-6] INFO  project_backend.aspect.AppAspect - User: Anonymous | Chức năng: isCheckBlacklist() | Thời gian thực hiện: 3 ms
2026-07-16 19:02:14.309 [http-nio-8080-exec-6] INFO  project_backend.aspect.AppAspect - User: admin | Chức năng: getUsers() | Thời gian thực hiện: 6 ms
2026-07-16 19:02:14.314 [http-nio-8080-exec-7] INFO  project_backend.aspect.AppAspect - User: admin | Chức năng: getStatistics() | Thời gian thực hiện: 12 ms
2026-07-16 19:02:14.597 [http-nio-8080-exec-5] INFO  project_backend.aspect.AppAspect - User: Anonymous | Chức năng: isCheckBlacklist() | Thời gian thực hiện: 1 ms
2026-07-16 19:02:14.600 [http-nio-8080-exec-1] INFO  project_backend.aspect.AppAspect - User: Anonymous | Chức năng: isCheckBlacklist() | Thời gian thực hiện: 0 ms
2026-07-16 19:02:14.600 [http-nio-8080-exec-9] INFO  project_backend.aspect.AppAspect - User: Anonymous | Chức năng: isCheckBlacklist() | Thời gian thực hiện: 0 ms
2026-07-16 19:02:14.600 [http-nio-8080-exec-5] INFO  project_backend.aspect.AppAspect - User: admin | Chức năng: getCurrentUser() | Thời gian thực hiện: 0 ms
2026-07-16 19:02:14.616 [http-nio-8080-exec-8] INFO  project_backend.aspect.AppAspect - User: Anonymous | Chức năng: isCheckBlacklist() | Thời gian thực hiện: 2 ms
2026-07-16 19:02:14.617 [http-nio-8080-exec-9] INFO  project_backend.aspect.AppAspect - User: admin | Chức năng: getStatistics() | Thời gian thực hiện: 13 ms
2026-07-16 19:02:14.617 [http-nio-8080-exec-1] INFO  project_backend.aspect.AppAspect - User: admin | Chức năng: getQuizzes() | Thời gian thực hiện: 13 ms
2026-07-16 19:02:14.621 [http-nio-8080-exec-8] INFO  project_backend.aspect.AppAspect - User: admin | Chức năng: getCurrentUser() | Thời gian thực hiện: 2 ms
2026-07-16 19:02:14.621 [http-nio-8080-exec-3] INFO  project_backend.aspect.AppAspect - User: Anonymous | Chức năng: isCheckBlacklist() | Thời gian thực hiện: 0 ms
2026-07-16 19:02:14.621 [http-nio-8080-exec-10] INFO  project_backend.aspect.AppAspect - User: Anonymous | Chức năng: isCheckBlacklist() | Thời gian thực hiện: 0 ms
2026-07-16 19:02:14.639 [http-nio-8080-exec-10] INFO  project_backend.aspect.AppAspect - User: admin | Chức năng: getStatistics() | Thời gian thực hiện: 7 ms
2026-07-16 19:02:14.639 [http-nio-8080-exec-3] INFO  project_backend.aspect.AppAspect - User: admin | Chức năng: getQuizzes() | Thời gian thực hiện: 5 ms
2026-07-16 19:02:15.001 [http-nio-8080-exec-4] INFO  project_backend.aspect.AppAspect - User: Anonymous | Chức năng: isCheckBlacklist() | Thời gian thực hiện: 1 ms
2026-07-16 19:02:15.001 [http-nio-8080-exec-2] INFO  project_backend.aspect.AppAspect - User: Anonymous | Chức năng: isCheckBlacklist() | Thời gian thực hiện: 1 ms
2026-07-16 19:02:15.004 [http-nio-8080-exec-6] INFO  project_backend.aspect.AppAspect - User: Anonymous | Chức năng: isCheckBlacklist() | Thời gian thực hiện: 1 ms
2026-07-16 19:02:15.008 [http-nio-8080-exec-2] INFO  project_backend.aspect.AppAspect - User: admin | Chức năng: getCurrentUser() | Thời gian thực hiện: 2 ms
2026-07-16 19:02:15.012 [http-nio-8080-exec-6] INFO  project_backend.aspect.AppAspect - User: admin | Chức năng: getAllFeedback() | Thời gian thực hiện: 4 ms
2026-07-16 19:02:15.015 [http-nio-8080-exec-4] INFO  project_backend.aspect.AppAspect - User: admin | Chức năng: getStatistics() | Thời gian thực hiện: 9 ms
2026-07-16 19:02:15.018 [http-nio-8080-exec-7] INFO  project_backend.aspect.AppAspect - User: Anonymous | Chức năng: isCheckBlacklist() | Thời gian thực hiện: 1 ms
2026-07-16 19:02:15.021 [http-nio-8080-exec-5] INFO  project_backend.aspect.AppAspect - User: Anonymous | Chức năng: isCheckBlacklist() | Thời gian thực hiện: 2 ms
2026-07-16 19:02:15.021 [http-nio-8080-exec-7] INFO  project_backend.aspect.AppAspect - User: admin | Chức năng: getCurrentUser() | Thời gian thực hiện: 0 ms
2026-07-16 19:02:15.021 [http-nio-8080-exec-9] INFO  project_backend.aspect.AppAspect - User: Anonymous | Chức năng: isCheckBlacklist() | Thời gian thực hiện: 0 ms
2026-07-16 19:02:15.021 [http-nio-8080-exec-5] INFO  project_backend.aspect.AppAspect - User: admin | Chức năng: getAllFeedback() | Thời gian thực hiện: 0 ms
2026-07-16 19:02:15.028 [http-nio-8080-exec-9] INFO  project_backend.aspect.AppAspect - User: admin | Chức năng: getStatistics() | Thời gian thực hiện: 7 ms
2026-07-16 19:02:15.812 [http-nio-8080-exec-1] INFO  project_backend.aspect.AppAspect - User: Anonymous | Chức năng: isCheckBlacklist() | Thời gian thực hiện: 1 ms
2026-07-16 19:02:15.813 [http-nio-8080-exec-8] INFO  project_backend.aspect.AppAspect - User: Anonymous | Chức năng: isCheckBlacklist() | Thời gian thực hiện: 1 ms
2026-07-16 19:02:15.816 [http-nio-8080-exec-10] INFO  project_backend.aspect.AppAspect - User: Anonymous | Chức năng: isCheckBlacklist() | Thời gian thực hiện: 2 ms
2026-07-16 19:02:15.818 [http-nio-8080-exec-1] INFO  project_backend.aspect.AppAspect - User: admin | Chức năng: getCurrentUser() | Thời gian thực hiện: 1 ms
2026-07-16 19:02:15.827 [http-nio-8080-exec-8] INFO  project_backend.aspect.AppAspect - User: admin | Chức năng: getStatistics() | Thời gian thực hiện: 10 ms
2026-07-16 19:02:15.829 [http-nio-8080-exec-3] INFO  project_backend.aspect.AppAspect - User: Anonymous | Chức năng: isCheckBlacklist() | Thời gian thực hiện: 1 ms
2026-07-16 19:02:15.830 [http-nio-8080-exec-10] INFO  project_backend.aspect.AppAspect - User: admin | Chức năng: getQuizzes() | Thời gian thực hiện: 9 ms
2026-07-16 19:02:15.834 [http-nio-8080-exec-3] INFO  project_backend.aspect.AppAspect - User: admin | Chức năng: getCurrentUser() | Thời gian thực hiện: 0 ms
2026-07-16 19:02:15.835 [http-nio-8080-exec-2] INFO  project_backend.aspect.AppAspect - User: Anonymous | Chức năng: isCheckBlacklist() | Thời gian thực hiện: 0 ms
2026-07-16 19:02:15.845 [http-nio-8080-exec-6] INFO  project_backend.aspect.AppAspect - User: Anonymous | Chức năng: isCheckBlacklist() | Thời gian thực hiện: 0 ms
2026-07-16 19:02:15.852 [http-nio-8080-exec-2] INFO  project_backend.aspect.AppAspect - User: admin | Chức năng: getStatistics() | Thời gian thực hiện: 10 ms
2026-07-16 19:02:15.859 [http-nio-8080-exec-6] INFO  project_backend.aspect.AppAspect - User: admin | Chức năng: getQuizzes() | Thời gian thực hiện: 10 ms
2026-07-16 19:02:16.177 [http-nio-8080-exec-5] INFO  project_backend.aspect.AppAspect - User: Anonymous | Chức năng: isCheckBlacklist() | Thời gian thực hiện: 0 ms
2026-07-16 19:02:16.177 [http-nio-8080-exec-4] INFO  project_backend.aspect.AppAspect - User: Anonymous | Chức năng: isCheckBlacklist() | Thời gian thực hiện: 0 ms
2026-07-16 19:02:16.177 [http-nio-8080-exec-7] INFO  project_backend.aspect.AppAspect - User: Anonymous | Chức năng: isCheckBlacklist() | Thời gian thực hiện: 0 ms
2026-07-16 19:02:16.181 [http-nio-8080-exec-4] INFO  project_backend.aspect.AppAspect - User: admin | Chức năng: getCurrentUser() | Thời gian thực hiện: 4 ms
2026-07-16 19:02:16.183 [http-nio-8080-exec-5] INFO  project_backend.aspect.AppAspect - User: admin | Chức năng: getUsers() | Thời gian thực hiện: 6 ms
2026-07-16 19:02:16.185 [http-nio-8080-exec-7] INFO  project_backend.aspect.AppAspect - User: admin | Chức năng: getStatistics() | Thời gian thực hiện: 8 ms
2026-07-16 19:02:16.188 [http-nio-8080-exec-9] INFO  project_backend.aspect.AppAspect - User: Anonymous | Chức năng: isCheckBlacklist() | Thời gian thực hiện: 1 ms
2026-07-16 19:02:16.189 [http-nio-8080-exec-1] INFO  project_backend.aspect.AppAspect - User: Anonymous | Chức năng: isCheckBlacklist() | Thời gian thực hiện: 0 ms
2026-07-16 19:02:16.192 [http-nio-8080-exec-9] INFO  project_backend.aspect.AppAspect - User: admin | Chức năng: getCurrentUser() | Thời gian thực hiện: 3 ms
2026-07-16 19:02:16.194 [http-nio-8080-exec-8] INFO  project_backend.aspect.AppAspect - User: Anonymous | Chức năng: isCheckBlacklist() | Thời gian thực hiện: 1 ms
2026-07-16 19:02:16.201 [http-nio-8080-exec-1] INFO  project_backend.aspect.AppAspect - User: admin | Chức năng: getUsers() | Thời gian thực hiện: 6 ms
2026-07-16 19:02:16.211 [http-nio-8080-exec-8] INFO  project_backend.aspect.AppAspect - User: admin | Chức năng: getStatistics() | Thời gian thực hiện: 10 ms
2026-07-16 19:02:16.633 [http-nio-8080-exec-10] INFO  project_backend.aspect.AppAspect - User: Anonymous | Chức năng: isCheckBlacklist() | Thời gian thực hiện: 2 ms
2026-07-16 19:02:16.633 [http-nio-8080-exec-3] INFO  project_backend.aspect.AppAspect - User: Anonymous | Chức năng: isCheckBlacklist() | Thời gian thực hiện: 3 ms
2026-07-16 19:02:16.634 [http-nio-8080-exec-3] INFO  project_backend.aspect.AppAspect - User: admin | Chức năng: getCurrentUser() | Thời gian thực hiện: 0 ms
2026-07-16 19:02:16.651 [http-nio-8080-exec-2] INFO  project_backend.aspect.AppAspect - User: Anonymous | Chức năng: isCheckBlacklist() | Thời gian thực hiện: 1 ms
2026-07-16 19:02:16.651 [http-nio-8080-exec-10] INFO  project_backend.aspect.AppAspect - User: admin | Chức năng: getStatistics() | Thời gian thực hiện: 17 ms
2026-07-16 19:02:16.653 [http-nio-8080-exec-2] INFO  project_backend.aspect.AppAspect - User: admin | Chức năng: getCurrentUser() | Thời gian thực hiện: 0 ms
2026-07-16 19:02:16.663 [http-nio-8080-exec-6] INFO  project_backend.aspect.AppAspect - User: Anonymous | Chức năng: isCheckBlacklist() | Thời gian thực hiện: 4 ms
2026-07-16 19:02:16.684 [http-nio-8080-exec-6] INFO  project_backend.aspect.AppAspect - User: admin | Chức năng: getStatistics() | Thời gian thực hiện: 21 ms
2026-07-16 19:02:41.315 [SpringApplicationShutdownHook] INFO  com.zaxxer.hikari.HikariDataSource - HikariPool-5 - Shutdown initiated...
2026-07-16 19:02:41.315 [SpringApplicationShutdownHook] INFO  com.zaxxer.hikari.HikariDataSource - HikariPool-5 - Shutdown completed.
