2026-09-25 11:28:20.312 [restartedMain] INFO  project_backend.BackendApplication - Starting BackendApplication using Java 17.0.18 with PID 44548 (D:\HOC_LAP_TRINH\AI_Application\2. Project Example Holiday\Example Project Holiday\qivora\Backend\build\classes\java\main started by HUY HOAN in D:\HOC_LAP_TRINH\AI_Application\2. Project Example Holiday\Example Project Holiday\qivora\Backend)
2026-09-25 11:28:20.313 [restartedMain] INFO  project_backend.BackendApplication - No active profile set, falling back to 1 default profile: "default"
2026-09-25 11:28:23.536 [restartedMain] INFO  com.zaxxer.hikari.HikariDataSource - HikariPool-1 - Starting...
2026-09-25 11:28:24.180 [restartedMain] INFO  com.zaxxer.hikari.pool.HikariPool - HikariPool-1 - Added connection org.postgresql.jdbc.PgConnection@2ee158f8
2026-09-25 11:28:24.182 [restartedMain] INFO  com.zaxxer.hikari.HikariDataSource - HikariPool-1 - Start completed.
2026-09-25 11:28:29.337 [restartedMain] INFO  project_backend.BackendApplication - Started BackendApplication in 9.551 seconds (process running for 10.513)
2026-09-25 11:28:50.555 [http-nio-8080-exec-4] INFO  project_backend.aspect.AppAspect - User: anonymousUser | Chức năng: login() | Thời gian thực hiện: 752 ms
2026-09-25 11:28:51.715 [http-nio-8080-exec-10] INFO  project_backend.aspect.AppAspect - User: Anonymous | Chức năng: isCheckBlacklist() | Thời gian thực hiện: 910 ms
2026-09-25 11:28:51.715 [http-nio-8080-exec-9] INFO  project_backend.aspect.AppAspect - User: Anonymous | Chức năng: isCheckBlacklist() | Thời gian thực hiện: 910 ms
2026-09-25 11:28:51.737 [http-nio-8080-exec-10] INFO  project_backend.aspect.AppAspect - User: admin | Chức năng: getCurrentUser() | Thời gian thực hiện: 2 ms
2026-09-25 11:28:51.752 [http-nio-8080-exec-8] INFO  project_backend.aspect.AppAspect - User: Anonymous | Chức năng: isCheckBlacklist() | Thời gian thực hiện: 0 ms
2026-09-25 11:28:51.763 [http-nio-8080-exec-8] INFO  project_backend.aspect.AppAspect - User: admin | Chức năng: getCurrentUser() | Thời gian thực hiện: 0 ms
2026-09-25 11:28:51.824 [http-nio-8080-exec-9] INFO  project_backend.aspect.AppAspect - User: admin | Chức năng: getStatistics() | Thời gian thực hiện: 97 ms
2026-09-25 11:28:51.845 [http-nio-8080-exec-3] INFO  project_backend.aspect.AppAspect - User: Anonymous | Chức năng: isCheckBlacklist() | Thời gian thực hiện: 2 ms
2026-09-25 11:28:51.883 [http-nio-8080-exec-3] INFO  project_backend.aspect.AppAspect - User: admin | Chức năng: getStatistics() | Thời gian thực hiện: 30 ms
2026-09-25 11:28:57.200 [http-nio-8080-exec-1] INFO  project_backend.aspect.AppAspect - User: Anonymous | Chức năng: isCheckBlacklist() | Thời gian thực hiện: 2 ms
2026-09-25 11:28:57.312 [http-nio-8080-exec-1] INFO  project_backend.aspect.AppAspect - User: admin | Chức năng: login() | Thời gian thực hiện: 103 ms
2026-09-25 11:28:57.352 [http-nio-8080-exec-6] INFO  project_backend.aspect.AppAspect - User: Anonymous | Chức năng: isCheckBlacklist() | Thời gian thực hiện: 0 ms
2026-09-25 11:28:57.352 [http-nio-8080-exec-7] INFO  project_backend.aspect.AppAspect - User: Anonymous | Chức năng: isCheckBlacklist() | Thời gian thực hiện: 0 ms
2026-09-25 11:28:57.365 [http-nio-8080-exec-7] INFO  project_backend.aspect.AppAspect - User: admin | Chức năng: getCurrentUser() | Thời gian thực hiện: 3 ms
2026-09-25 11:28:57.373 [http-nio-8080-exec-5] INFO  project_backend.aspect.AppAspect - User: Anonymous | Chức năng: isCheckBlacklist() | Thời gian thực hiện: 0 ms
2026-09-25 11:28:57.383 [http-nio-8080-exec-5] INFO  project_backend.aspect.AppAspect - User: admin | Chức năng: getCurrentUser() | Thời gian thực hiện: 4 ms
2026-09-25 11:28:57.385 [http-nio-8080-exec-6] INFO  project_backend.aspect.AppAspect - User: admin | Chức năng: getStatistics() | Thời gian thực hiện: 23 ms
2026-09-25 11:28:57.393 [http-nio-8080-exec-2] INFO  project_backend.aspect.AppAspect - User: Anonymous | Chức năng: isCheckBlacklist() | Thời gian thực hiện: 1 ms
2026-09-25 11:28:57.414 [http-nio-8080-exec-2] INFO  project_backend.aspect.AppAspect - User: admin | Chức năng: getStatistics() | Thời gian thực hiện: 12 ms
2026-09-25 11:29:00.863 [http-nio-8080-exec-10] INFO  project_backend.aspect.AppAspect - User: Anonymous | Chức năng: isCheckBlacklist() | Thời gian thực hiện: 2 ms
2026-09-25 11:29:00.863 [http-nio-8080-exec-8] INFO  project_backend.aspect.AppAspect - User: Anonymous | Chức năng: isCheckBlacklist() | Thời gian thực hiện: 1 ms
2026-09-25 11:29:00.863 [http-nio-8080-exec-4] INFO  project_backend.aspect.AppAspect - User: Anonymous | Chức năng: isCheckBlacklist() | Thời gian thực hiện: 2 ms
2026-09-25 11:29:00.865 [http-nio-8080-exec-4] INFO  project_backend.aspect.AppAspect - User: admin | Chức năng: getCurrentUser() | Thời gian thực hiện: 0 ms
2026-09-25 11:29:00.881 [http-nio-8080-exec-9] INFO  project_backend.aspect.AppAspect - User: Anonymous | Chức năng: isCheckBlacklist() | Thời gian thực hiện: 0 ms
2026-09-25 11:29:00.890 [http-nio-8080-exec-9] INFO  project_backend.aspect.AppAspect - User: admin | Chức năng: getCurrentUser() | Thời gian thực hiện: 2 ms
2026-09-25 11:29:00.902 [http-nio-8080-exec-10] INFO  project_backend.aspect.AppAspect - User: admin | Chức năng: getStatistics() | Thời gian thực hiện: 30 ms
2026-09-25 11:29:00.913 [http-nio-8080-exec-3] INFO  project_backend.aspect.AppAspect - User: Anonymous | Chức năng: isCheckBlacklist() | Thời gian thực hiện: 1 ms
2026-09-25 11:29:00.936 [http-nio-8080-exec-3] INFO  project_backend.aspect.AppAspect - User: admin | Chức năng: getStatistics() | Thời gian thực hiện: 21 ms
2026-09-25 11:29:00.936 [http-nio-8080-exec-8] INFO  project_backend.aspect.AppAspect - User: admin | Chức năng: getUsers() | Thời gian thực hiện: 71 ms
2026-09-25 11:29:00.960 [http-nio-8080-exec-1] INFO  project_backend.aspect.AppAspect - User: Anonymous | Chức năng: isCheckBlacklist() | Thời gian thực hiện: 1 ms
2026-09-25 11:29:00.983 [http-nio-8080-exec-1] INFO  project_backend.aspect.AppAspect - User: admin | Chức năng: getUsers() | Thời gian thực hiện: 15 ms
2026-09-25 11:29:01.449 [http-nio-8080-exec-7] INFO  project_backend.aspect.AppAspect - User: Anonymous | Chức năng: isCheckBlacklist() | Thời gian thực hiện: 1 ms
2026-09-25 11:29:01.449 [http-nio-8080-exec-6] INFO  project_backend.aspect.AppAspect - User: Anonymous | Chức năng: isCheckBlacklist() | Thời gian thực hiện: 0 ms
2026-09-25 11:29:01.449 [http-nio-8080-exec-5] INFO  project_backend.aspect.AppAspect - User: Anonymous | Chức năng: isCheckBlacklist() | Thời gian thực hiện: 0 ms
2026-09-25 11:29:01.459 [http-nio-8080-exec-7] INFO  project_backend.aspect.AppAspect - User: admin | Chức năng: getCurrentUser() | Thời gian thực hiện: 3 ms
2026-09-25 11:29:01.470 [http-nio-8080-exec-2] INFO  project_backend.aspect.AppAspect - User: Anonymous | Chức năng: isCheckBlacklist() | Thời gian thực hiện: 1 ms
2026-09-25 11:29:01.476 [http-nio-8080-exec-2] INFO  project_backend.aspect.AppAspect - User: admin | Chức năng: getCurrentUser() | Thời gian thực hiện: 6 ms
2026-09-25 11:29:01.476 [http-nio-8080-exec-5] INFO  project_backend.aspect.AppAspect - User: admin | Chức năng: getStatistics() | Thời gian thực hiện: 19 ms
2026-09-25 11:29:01.490 [http-nio-8080-exec-4] INFO  project_backend.aspect.AppAspect - User: Anonymous | Chức năng: isCheckBlacklist() | Thời gian thực hiện: 6 ms
2026-09-25 11:29:01.511 [http-nio-8080-exec-4] INFO  project_backend.aspect.AppAspect - User: admin | Chức năng: getStatistics() | Thời gian thực hiện: 20 ms
2026-09-25 11:29:01.526 [http-nio-8080-exec-6] INFO  project_backend.aspect.AppAspect - User: admin | Chức năng: getQuizzes() | Thời gian thực hiện: 68 ms
2026-09-25 11:29:01.543 [http-nio-8080-exec-9] INFO  project_backend.aspect.AppAspect - User: Anonymous | Chức năng: isCheckBlacklist() | Thời gian thực hiện: 1 ms
2026-09-25 11:29:01.587 [http-nio-8080-exec-9] INFO  project_backend.aspect.AppAspect - User: admin | Chức năng: getQuizzes() | Thời gian thực hiện: 36 ms
2026-09-25 11:29:07.475 [http-nio-8080-exec-8] INFO  project_backend.aspect.AppAspect - User: Anonymous | Chức năng: isCheckBlacklist() | Thời gian thực hiện: 0 ms
2026-09-25 11:29:07.475 [http-nio-8080-exec-10] INFO  project_backend.aspect.AppAspect - User: Anonymous | Chức năng: isCheckBlacklist() | Thời gian thực hiện: 0 ms
2026-09-25 11:29:07.475 [http-nio-8080-exec-3] INFO  project_backend.aspect.AppAspect - User: Anonymous | Chức năng: isCheckBlacklist() | Thời gian thực hiện: 0 ms
2026-09-25 11:29:07.489 [http-nio-8080-exec-10] INFO  project_backend.aspect.AppAspect - User: admin | Chức năng: getCurrentUser() | Thời gian thực hiện: 1 ms
2026-09-25 11:29:07.494 [http-nio-8080-exec-1] INFO  project_backend.aspect.AppAspect - User: Anonymous | Chức năng: isCheckBlacklist() | Thời gian thực hiện: 0 ms
2026-09-25 11:29:07.494 [http-nio-8080-exec-3] INFO  project_backend.aspect.AppAspect - User: admin | Chức năng: getStatistics() | Thời gian thực hiện: 6 ms
2026-09-25 11:29:07.506 [http-nio-8080-exec-1] INFO  project_backend.aspect.AppAspect - User: admin | Chức năng: getCurrentUser() | Thời gian thực hiện: 5 ms
2026-09-25 11:29:07.509 [http-nio-8080-exec-7] INFO  project_backend.aspect.AppAspect - User: Anonymous | Chức năng: isCheckBlacklist() | Thời gian thực hiện: 1 ms
2026-09-25 11:29:07.525 [http-nio-8080-exec-8] INFO  project_backend.aspect.AppAspect - User: admin | Chức năng: getAllFeedback() | Thời gian thực hiện: 37 ms
2026-09-25 11:29:07.531 [http-nio-8080-exec-7] INFO  project_backend.aspect.AppAspect - User: admin | Chức năng: getStatistics() | Thời gian thực hiện: 15 ms
2026-09-25 11:29:07.547 [http-nio-8080-exec-2] INFO  project_backend.aspect.AppAspect - User: Anonymous | Chức năng: isCheckBlacklist() | Thời gian thực hiện: 1 ms
2026-09-25 11:29:07.557 [http-nio-8080-exec-2] INFO  project_backend.aspect.AppAspect - User: admin | Chức năng: getAllFeedback() | Thời gian thực hiện: 6 ms
2026-09-25 11:29:11.072 [http-nio-8080-exec-5] INFO  project_backend.aspect.AppAspect - User: Anonymous | Chức năng: isCheckBlacklist() | Thời gian thực hiện: 2 ms
2026-09-25 11:29:11.072 [http-nio-8080-exec-4] INFO  project_backend.aspect.AppAspect - User: Anonymous | Chức năng: isCheckBlacklist() | Thời gian thực hiện: 2 ms
2026-09-25 11:29:11.081 [http-nio-8080-exec-5] INFO  project_backend.aspect.AppAspect - User: admin | Chức năng: getCurrentUser() | Thời gian thực hiện: 2 ms
2026-09-25 11:29:11.091 [http-nio-8080-exec-6] INFO  project_backend.aspect.AppAspect - User: Anonymous | Chức năng: isCheckBlacklist() | Thời gian thực hiện: 1 ms
2026-09-25 11:29:11.093 [http-nio-8080-exec-4] INFO  project_backend.aspect.AppAspect - User: admin | Chức năng: getStatistics() | Thời gian thực hiện: 14 ms
2026-09-25 11:29:11.098 [http-nio-8080-exec-6] INFO  project_backend.aspect.AppAspect - User: admin | Chức năng: getCurrentUser() | Thời gian thực hiện: 2 ms
2026-09-25 11:29:11.100 [http-nio-8080-exec-9] INFO  project_backend.aspect.AppAspect - User: Anonymous | Chức năng: isCheckBlacklist() | Thời gian thực hiện: 0 ms
2026-09-25 11:29:11.133 [http-nio-8080-exec-9] INFO  project_backend.aspect.AppAspect - User: admin | Chức năng: getStatistics() | Thời gian thực hiện: 25 ms
2026-09-25 11:36:41.494 [http-nio-8080-exec-10] INFO  project_backend.aspect.AppAspect - User: Anonymous | Chức năng: isCheckBlacklist() | Thời gian thực hiện: 2 ms
2026-09-25 11:36:41.494 [http-nio-8080-exec-3] INFO  project_backend.aspect.AppAspect - User: Anonymous | Chức năng: isCheckBlacklist() | Thời gian thực hiện: 2 ms
2026-09-25 11:36:41.501 [http-nio-8080-exec-10] INFO  project_backend.aspect.AppAspect - User: admin | Chức năng: getCurrentUser() | Thời gian thực hiện: 2 ms
2026-09-25 11:36:41.512 [http-nio-8080-exec-3] INFO  project_backend.aspect.AppAspect - User: admin | Chức năng: getStatistics() | Thời gian thực hiện: 13 ms
2026-09-25 11:40:30.589 [http-nio-8080-exec-7] INFO  project_backend.aspect.AppAspect - User: anonymousUser | Chức năng: login() | Thời gian thực hiện: 115 ms
2026-09-25 11:40:30.640 [http-nio-8080-exec-2] INFO  project_backend.aspect.AppAspect - User: Anonymous | Chức năng: isCheckBlacklist() | Thời gian thực hiện: 3 ms
2026-09-25 11:40:30.641 [http-nio-8080-exec-5] INFO  project_backend.aspect.AppAspect - User: Anonymous | Chức năng: isCheckBlacklist() | Thời gian thực hiện: 0 ms
2026-09-25 11:40:30.646 [http-nio-8080-exec-2] INFO  project_backend.aspect.AppAspect - User: admin | Chức năng: getCurrentUser() | Thời gian thực hiện: 1 ms
2026-09-25 11:40:30.655 [http-nio-8080-exec-4] INFO  project_backend.aspect.AppAspect - User: Anonymous | Chức năng: isCheckBlacklist() | Thời gian thực hiện: 1 ms
2026-09-25 11:40:30.659 [http-nio-8080-exec-5] INFO  project_backend.aspect.AppAspect - User: admin | Chức năng: getStatistics() | Thời gian thực hiện: 14 ms
2026-09-25 11:40:30.659 [http-nio-8080-exec-4] INFO  project_backend.aspect.AppAspect - User: admin | Chức năng: getCurrentUser() | Thời gian thực hiện: 1 ms
2026-09-25 11:40:30.671 [http-nio-8080-exec-6] INFO  project_backend.aspect.AppAspect - User: Anonymous | Chức năng: isCheckBlacklist() | Thời gian thực hiện: 1 ms
2026-09-25 11:40:30.690 [http-nio-8080-exec-6] INFO  project_backend.aspect.AppAspect - User: admin | Chức năng: getStatistics() | Thời gian thực hiện: 15 ms
2026-09-25 11:40:41.773 [http-nio-8080-exec-9] INFO  project_backend.aspect.AppAspect - User: Anonymous | Chức năng: isCheckBlacklist() | Thời gian thực hiện: 0 ms
2026-09-25 11:40:41.773 [http-nio-8080-exec-10] INFO  project_backend.aspect.AppAspect - User: Anonymous | Chức năng: isCheckBlacklist() | Thời gian thực hiện: 0 ms
2026-09-25 11:40:41.773 [http-nio-8080-exec-3] INFO  project_backend.aspect.AppAspect - User: Anonymous | Chức năng: isCheckBlacklist() | Thời gian thực hiện: 0 ms
2026-09-25 11:40:41.784 [http-nio-8080-exec-9] INFO  project_backend.aspect.AppAspect - User: admin | Chức năng: getCurrentUser() | Thời gian thực hiện: 5 ms
2026-09-25 11:40:41.793 [http-nio-8080-exec-1] INFO  project_backend.aspect.AppAspect - User: Anonymous | Chức năng: isCheckBlacklist() | Thời gian thực hiện: 1 ms
2026-09-25 11:40:41.795 [http-nio-8080-exec-10] INFO  project_backend.aspect.AppAspect - User: admin | Chức năng: getStatistics() | Thời gian thực hiện: 16 ms
2026-09-25 11:40:41.797 [http-nio-8080-exec-3] INFO  project_backend.aspect.AppAspect - User: admin | Chức năng: getUsers() | Thời gian thực hiện: 17 ms
2026-09-25 11:40:41.799 [http-nio-8080-exec-1] INFO  project_backend.aspect.AppAspect - User: admin | Chức năng: getCurrentUser() | Thời gian thực hiện: 2 ms
2026-09-25 11:40:41.803 [http-nio-8080-exec-8] INFO  project_backend.aspect.AppAspect - User: Anonymous | Chức năng: isCheckBlacklist() | Thời gian thực hiện: 0 ms
2026-09-25 11:40:41.808 [http-nio-8080-exec-7] INFO  project_backend.aspect.AppAspect - User: Anonymous | Chức năng: isCheckBlacklist() | Thời gian thực hiện: 1 ms
2026-09-25 11:40:41.822 [http-nio-8080-exec-8] INFO  project_backend.aspect.AppAspect - User: admin | Chức năng: getStatistics() | Thời gian thực hiện: 12 ms
2026-09-25 11:40:41.827 [http-nio-8080-exec-7] INFO  project_backend.aspect.AppAspect - User: admin | Chức năng: getUsers() | Thời gian thực hiện: 11 ms
2026-09-25 11:40:43.161 [http-nio-8080-exec-2] INFO  project_backend.aspect.AppAspect - User: Anonymous | Chức năng: isCheckBlacklist() | Thời gian thực hiện: 2 ms
2026-09-25 11:40:43.161 [http-nio-8080-exec-4] INFO  project_backend.aspect.AppAspect - User: Anonymous | Chức năng: isCheckBlacklist() | Thời gian thực hiện: 2 ms
2026-09-25 11:40:43.170 [http-nio-8080-exec-2] INFO  project_backend.aspect.AppAspect - User: admin | Chức năng: getCurrentUser() | Thời gian thực hiện: 5 ms
2026-09-25 11:40:43.181 [http-nio-8080-exec-5] INFO  project_backend.aspect.AppAspect - User: Anonymous | Chức năng: isCheckBlacklist() | Thời gian thực hiện: 1 ms
2026-09-25 11:40:43.184 [http-nio-8080-exec-4] INFO  project_backend.aspect.AppAspect - User: admin | Chức năng: getStatistics() | Thời gian thực hiện: 19 ms
2026-09-25 11:40:43.186 [http-nio-8080-exec-5] INFO  project_backend.aspect.AppAspect - User: admin | Chức năng: getCurrentUser() | Thời gian thực hiện: 2 ms
2026-09-25 11:40:43.189 [http-nio-8080-exec-6] INFO  project_backend.aspect.AppAspect - User: Anonymous | Chức năng: isCheckBlacklist() | Thời gian thực hiện: 0 ms
2026-09-25 11:40:43.213 [http-nio-8080-exec-6] INFO  project_backend.aspect.AppAspect - User: admin | Chức năng: getStatistics() | Thời gian thực hiện: 14 ms
2026-09-25 11:46:06.959 [http-nio-8080-exec-3] INFO  project_backend.aspect.AppAspect - User: Anonymous | Chức năng: isCheckBlacklist() | Thời gian thực hiện: 1 ms
2026-09-25 11:46:06.959 [http-nio-8080-exec-10] INFO  project_backend.aspect.AppAspect - User: Anonymous | Chức năng: isCheckBlacklist() | Thời gian thực hiện: 1 ms
2026-09-25 11:46:06.959 [http-nio-8080-exec-9] INFO  project_backend.aspect.AppAspect - User: Anonymous | Chức năng: isCheckBlacklist() | Thời gian thực hiện: 1 ms
2026-09-25 11:46:06.965 [http-nio-8080-exec-9] INFO  project_backend.aspect.AppAspect - User: admin | Chức năng: getCurrentUser() | Thời gian thực hiện: 2 ms
2026-09-25 11:46:06.971 [http-nio-8080-exec-3] INFO  project_backend.aspect.AppAspect - User: admin | Chức năng: getUsers() | Thời gian thực hiện: 8 ms
2026-09-25 11:46:06.972 [http-nio-8080-exec-10] INFO  project_backend.aspect.AppAspect - User: admin | Chức năng: getStatistics() | Thời gian thực hiện: 9 ms
2026-09-25 11:46:06.973 [http-nio-8080-exec-1] INFO  project_backend.aspect.AppAspect - User: Anonymous | Chức năng: isCheckBlacklist() | Thời gian thực hiện: 1 ms
2026-09-25 11:46:06.979 [http-nio-8080-exec-1] INFO  project_backend.aspect.AppAspect - User: admin | Chức năng: getCurrentUser() | Thời gian thực hiện: 1 ms
2026-09-25 11:46:06.980 [http-nio-8080-exec-8] INFO  project_backend.aspect.AppAspect - User: Anonymous | Chức năng: isCheckBlacklist() | Thời gian thực hiện: 1 ms
2026-09-25 11:46:06.980 [http-nio-8080-exec-7] INFO  project_backend.aspect.AppAspect - User: Anonymous | Chức năng: isCheckBlacklist() | Thời gian thực hiện: 1 ms
2026-09-25 11:46:06.993 [http-nio-8080-exec-7] INFO  project_backend.aspect.AppAspect - User: admin | Chức năng: getStatistics() | Thời gian thực hiện: 10 ms
2026-09-25 11:46:06.993 [http-nio-8080-exec-8] INFO  project_backend.aspect.AppAspect - User: admin | Chức năng: getUsers() | Thời gian thực hiện: 8 ms
2026-09-25 11:46:08.119 [http-nio-8080-exec-2] INFO  project_backend.aspect.AppAspect - User: Anonymous | Chức năng: isCheckBlacklist() | Thời gian thực hiện: 0 ms
2026-09-25 11:46:08.119 [http-nio-8080-exec-4] INFO  project_backend.aspect.AppAspect - User: Anonymous | Chức năng: isCheckBlacklist() | Thời gian thực hiện: 0 ms
2026-09-25 11:46:08.119 [http-nio-8080-exec-5] INFO  project_backend.aspect.AppAspect - User: Anonymous | Chức năng: isCheckBlacklist() | Thời gian thực hiện: 0 ms
2026-09-25 11:46:08.125 [http-nio-8080-exec-2] INFO  project_backend.aspect.AppAspect - User: admin | Chức năng: getCurrentUser() | Thời gian thực hiện: 2 ms
2026-09-25 11:46:08.132 [http-nio-8080-exec-4] INFO  project_backend.aspect.AppAspect - User: admin | Chức năng: getStatistics() | Thời gian thực hiện: 9 ms
2026-09-25 11:46:08.133 [http-nio-8080-exec-6] INFO  project_backend.aspect.AppAspect - User: Anonymous | Chức năng: isCheckBlacklist() | Thời gian thực hiện: 1 ms
2026-09-25 11:46:08.138 [http-nio-8080-exec-6] INFO  project_backend.aspect.AppAspect - User: admin | Chức năng: getCurrentUser() | Thời gian thực hiện: 1 ms
2026-09-25 11:46:08.139 [http-nio-8080-exec-9] INFO  project_backend.aspect.AppAspect - User: Anonymous | Chức năng: isCheckBlacklist() | Thời gian thực hiện: 1 ms
2026-09-25 11:46:08.149 [http-nio-8080-exec-5] INFO  project_backend.aspect.AppAspect - User: admin | Chức năng: getQuizzes() | Thời gian thực hiện: 25 ms
2026-09-25 11:46:08.150 [http-nio-8080-exec-9] INFO  project_backend.aspect.AppAspect - User: admin | Chức năng: getStatistics() | Thời gian thực hiện: 8 ms
2026-09-25 11:46:08.158 [http-nio-8080-exec-3] INFO  project_backend.aspect.AppAspect - User: Anonymous | Chức năng: isCheckBlacklist() | Thời gian thực hiện: 0 ms
2026-09-25 11:46:08.184 [http-nio-8080-exec-3] INFO  project_backend.aspect.AppAspect - User: admin | Chức năng: getQuizzes() | Thời gian thực hiện: 21 ms
2026-09-25 11:46:09.199 [http-nio-8080-exec-10] INFO  project_backend.aspect.AppAspect - User: Anonymous | Chức năng: isCheckBlacklist() | Thời gian thực hiện: 1 ms
2026-09-25 11:46:09.200 [http-nio-8080-exec-1] INFO  project_backend.aspect.AppAspect - User: Anonymous | Chức năng: isCheckBlacklist() | Thời gian thực hiện: 0 ms
2026-09-25 11:46:09.200 [http-nio-8080-exec-7] INFO  project_backend.aspect.AppAspect - User: Anonymous | Chức năng: isCheckBlacklist() | Thời gian thực hiện: 0 ms
2026-09-25 11:46:09.208 [http-nio-8080-exec-10] INFO  project_backend.aspect.AppAspect - User: admin | Chức năng: getCurrentUser() | Thời gian thực hiện: 4 ms
2026-09-25 11:46:09.216 [http-nio-8080-exec-1] INFO  project_backend.aspect.AppAspect - User: admin | Chức năng: getStatistics() | Thời gian thực hiện: 12 ms
2026-09-25 11:46:09.216 [http-nio-8080-exec-7] INFO  project_backend.aspect.AppAspect - User: admin | Chức năng: getUsers() | Thời gian thực hiện: 12 ms
2026-09-25 11:46:09.219 [http-nio-8080-exec-8] INFO  project_backend.aspect.AppAspect - User: Anonymous | Chức năng: isCheckBlacklist() | Thời gian thực hiện: 2 ms
2026-09-25 11:46:09.226 [http-nio-8080-exec-8] INFO  project_backend.aspect.AppAspect - User: admin | Chức năng: getCurrentUser() | Thời gian thực hiện: 0 ms
2026-09-25 11:46:09.226 [http-nio-8080-exec-2] INFO  project_backend.aspect.AppAspect - User: Anonymous | Chức năng: isCheckBlacklist() | Thời gian thực hiện: 0 ms
2026-09-25 11:46:09.226 [http-nio-8080-exec-4] INFO  project_backend.aspect.AppAspect - User: Anonymous | Chức năng: isCheckBlacklist() | Thời gian thực hiện: 0 ms
2026-09-25 11:46:09.239 [http-nio-8080-exec-2] INFO  project_backend.aspect.AppAspect - User: admin | Chức năng: getStatistics() | Thời gian thực hiện: 7 ms
2026-09-25 11:46:09.239 [http-nio-8080-exec-4] INFO  project_backend.aspect.AppAspect - User: admin | Chức năng: getUsers() | Thời gian thực hiện: 7 ms
2026-09-25 11:49:13.802 [http-nio-8080-exec-6] INFO  project_backend.aspect.AppAspect - User: Anonymous | Chức năng: isCheckBlacklist() | Thời gian thực hiện: 1 ms
2026-09-25 11:49:13.802 [http-nio-8080-exec-9] INFO  project_backend.aspect.AppAspect - User: Anonymous | Chức năng: isCheckBlacklist() | Thời gian thực hiện: 1 ms
2026-09-25 11:49:13.802 [http-nio-8080-exec-5] INFO  project_backend.aspect.AppAspect - User: Anonymous | Chức năng: isCheckBlacklist() | Thời gian thực hiện: 1 ms
2026-09-25 11:49:13.806 [http-nio-8080-exec-6] INFO  project_backend.aspect.AppAspect - User: admin | Chức năng: getCurrentUser() | Thời gian thực hiện: 1 ms
2026-09-25 11:49:13.806 [http-nio-8080-exec-9] INFO  project_backend.aspect.AppAspect - User: admin | Chức năng: getStatistics() | Thời gian thực hiện: 0 ms
2026-09-25 11:49:13.816 [http-nio-8080-exec-3] INFO  project_backend.aspect.AppAspect - User: Anonymous | Chức năng: isCheckBlacklist() | Thời gian thực hiện: 4 ms
2026-09-25 11:49:13.819 [http-nio-8080-exec-10] INFO  project_backend.aspect.AppAspect - User: Anonymous | Chức năng: isCheckBlacklist() | Thời gian thực hiện: 3 ms
2026-09-25 11:49:13.820 [http-nio-8080-exec-3] INFO  project_backend.aspect.AppAspect - User: admin | Chức năng: getCurrentUser() | Thời gian thực hiện: 1 ms
2026-09-25 11:49:13.822 [http-nio-8080-exec-5] INFO  project_backend.aspect.AppAspect - User: admin | Chức năng: getQuizzes() | Thời gian thực hiện: 16 ms
2026-09-25 11:49:13.827 [http-nio-8080-exec-10] INFO  project_backend.aspect.AppAspect - User: admin | Chức năng: getStatistics() | Thời gian thực hiện: 6 ms
2026-09-25 11:49:13.830 [http-nio-8080-exec-7] INFO  project_backend.aspect.AppAspect - User: Anonymous | Chức năng: isCheckBlacklist() | Thời gian thực hiện: 1 ms
2026-09-25 11:49:13.852 [http-nio-8080-exec-7] INFO  project_backend.aspect.AppAspect - User: admin | Chức năng: getQuizzes() | Thời gian thực hiện: 19 ms
2026-09-25 11:49:25.674 [http-nio-8080-exec-1] INFO  project_backend.aspect.AppAspect - User: Anonymous | Chức năng: isCheckBlacklist() | Thời gian thực hiện: 1 ms
2026-09-25 11:49:25.820 [http-nio-8080-exec-8] INFO  project_backend.aspect.AppAspect - User: Anonymous | Chức năng: isCheckBlacklist() | Thời gian thực hiện: 0 ms
2026-09-25 11:49:28.968 [http-nio-8080-exec-4] INFO  project_backend.aspect.AppAspect - User: Anonymous | Chức năng: isCheckBlacklist() | Thời gian thực hiện: 0 ms
2026-09-25 11:49:28.970 [http-nio-8080-exec-2] INFO  project_backend.aspect.AppAspect - User: Anonymous | Chức năng: isCheckBlacklist() | Thời gian thực hiện: 1 ms
2026-09-25 11:49:28.971 [http-nio-8080-exec-6] INFO  project_backend.aspect.AppAspect - User: Anonymous | Chức năng: isCheckBlacklist() | Thời gian thực hiện: 1 ms
2026-09-25 11:49:28.975 [http-nio-8080-exec-4] INFO  project_backend.aspect.AppAspect - User: admin | Chức năng: getCurrentUser() | Thời gian thực hiện: 2 ms
2026-09-25 11:49:28.980 [http-nio-8080-exec-2] INFO  project_backend.aspect.AppAspect - User: admin | Chức năng: getStatistics() | Thời gian thực hiện: 7 ms
2026-09-25 11:49:28.984 [http-nio-8080-exec-9] INFO  project_backend.aspect.AppAspect - User: Anonymous | Chức năng: isCheckBlacklist() | Thời gian thực hiện: 0 ms
2026-09-25 11:49:28.988 [http-nio-8080-exec-3] INFO  project_backend.aspect.AppAspect - User: Anonymous | Chức năng: isCheckBlacklist() | Thời gian thực hiện: 1 ms
2026-09-25 11:49:28.989 [http-nio-8080-exec-9] INFO  project_backend.aspect.AppAspect - User: admin | Chức năng: getCurrentUser() | Thời gian thực hiện: 1 ms
2026-09-25 11:49:28.992 [http-nio-8080-exec-6] INFO  project_backend.aspect.AppAspect - User: admin | Chức năng: getQuizzes() | Thời gian thực hiện: 18 ms
2026-09-25 11:49:28.997 [http-nio-8080-exec-3] INFO  project_backend.aspect.AppAspect - User: admin | Chức năng: getStatistics() | Thời gian thực hiện: 7 ms
2026-09-25 11:49:28.999 [http-nio-8080-exec-5] INFO  project_backend.aspect.AppAspect - User: Anonymous | Chức năng: isCheckBlacklist() | Thời gian thực hiện: 1 ms
2026-09-25 11:49:29.019 [http-nio-8080-exec-5] INFO  project_backend.aspect.AppAspect - User: admin | Chức năng: getQuizzes() | Thời gian thực hiện: 16 ms
2026-09-25 11:49:30.286 [http-nio-8080-exec-10] INFO  project_backend.aspect.AppAspect - User: Anonymous | Chức năng: isCheckBlacklist() | Thời gian thực hiện: 0 ms
2026-09-25 11:49:30.293 [http-nio-8080-exec-10] INFO  project_backend.aspect.AppAspect - User: admin | Chức năng: findQuizSummaryByCode() | Thời gian thực hiện: 4 ms
2026-09-25 11:49:30.304 [http-nio-8080-exec-7] INFO  project_backend.aspect.AppAspect - User: Anonymous | Chức năng: isCheckBlacklist() | Thời gian thực hiện: 2 ms
2026-09-25 11:49:30.312 [http-nio-8080-exec-7] INFO  project_backend.aspect.AppAspect - User: admin | Chức năng: findQuizSummaryByCode() | Thời gian thực hiện: 4 ms
2026-09-25 11:49:30.336 [http-nio-8080-exec-1] INFO  project_backend.aspect.AppAspect - User: Anonymous | Chức năng: isCheckBlacklist() | Thời gian thực hiện: 2 ms
2026-09-25 11:49:30.392 [http-nio-8080-exec-1] INFO  project_backend.aspect.AppAspect - User: admin | Chức năng: startQuizByCode() | Thời gian thực hiện: 44 ms
2026-09-25 11:49:33.229 [http-nio-8080-exec-4] INFO  project_backend.aspect.AppAspect - User: Anonymous | Chức năng: isCheckBlacklist() | Thời gian thực hiện: 1 ms
2026-09-25 11:49:33.229 [http-nio-8080-exec-8] INFO  project_backend.aspect.AppAspect - User: Anonymous | Chức năng: isCheckBlacklist() | Thời gian thực hiện: 1 ms
2026-09-25 11:49:33.230 [http-nio-8080-exec-2] INFO  project_backend.aspect.AppAspect - User: Anonymous | Chức năng: isCheckBlacklist() | Thời gian thực hiện: 1 ms
2026-09-25 11:49:33.233 [http-nio-8080-exec-8] INFO  project_backend.aspect.AppAspect - User: admin | Chức năng: getCurrentUser() | Thời gian thực hiện: 1 ms
2026-09-25 11:49:33.235 [http-nio-8080-exec-4] INFO  project_backend.aspect.AppAspect - User: admin | Chức năng: getStatistics() | Thời gian thực hiện: 3 ms
2026-09-25 11:49:33.240 [http-nio-8080-exec-9] INFO  project_backend.aspect.AppAspect - User: Anonymous | Chức năng: isCheckBlacklist() | Thời gian thực hiện: 5 ms
2026-09-25 11:49:33.245 [http-nio-8080-exec-9] INFO  project_backend.aspect.AppAspect - User: admin | Chức năng: getCurrentUser() | Thời gian thực hiện: 0 ms
2026-09-25 11:49:33.245 [http-nio-8080-exec-6] INFO  project_backend.aspect.AppAspect - User: Anonymous | Chức năng: isCheckBlacklist() | Thời gian thực hiện: 0 ms
2026-09-25 11:49:33.247 [http-nio-8080-exec-2] INFO  project_backend.aspect.AppAspect - User: admin | Chức năng: getQuizzes() | Thời gian thực hiện: 15 ms
2026-09-25 11:49:33.254 [http-nio-8080-exec-3] INFO  project_backend.aspect.AppAspect - User: Anonymous | Chức năng: isCheckBlacklist() | Thời gian thực hiện: 1 ms
2026-09-25 11:49:33.254 [http-nio-8080-exec-6] INFO  project_backend.aspect.AppAspect - User: admin | Chức năng: getStatistics() | Thời gian thực hiện: 5 ms
2026-09-25 11:49:33.275 [http-nio-8080-exec-3] INFO  project_backend.aspect.AppAspect - User: admin | Chức năng: getQuizzes() | Thời gian thực hiện: 19 ms
2026-09-25 11:49:56.158 [http-nio-8080-exec-5] INFO  project_backend.aspect.AppAspect - User: Anonymous | Chức năng: isCheckBlacklist() | Thời gian thực hiện: 1 ms
2026-09-25 11:49:56.177 [http-nio-8080-exec-10] INFO  project_backend.aspect.AppAspect - User: Anonymous | Chức năng: isCheckBlacklist() | Thời gian thực hiện: 1 ms
2026-09-25 11:49:57.623 [http-nio-8080-exec-7] INFO  project_backend.aspect.AppAspect - User: Anonymous | Chức năng: isCheckBlacklist() | Thời gian thực hiện: 0 ms
2026-09-25 11:49:57.623 [http-nio-8080-exec-1] INFO  project_backend.aspect.AppAspect - User: Anonymous | Chức năng: isCheckBlacklist() | Thời gian thực hiện: 0 ms
2026-09-25 11:49:57.628 [http-nio-8080-exec-7] INFO  project_backend.aspect.AppAspect - User: admin | Chức năng: getCurrentUser() | Thời gian thực hiện: 1 ms
2026-09-25 11:49:57.634 [http-nio-8080-exec-1] INFO  project_backend.aspect.AppAspect - User: admin | Chức năng: getStatistics() | Thời gian thực hiện: 7 ms
2026-09-25 11:49:57.635 [http-nio-8080-exec-8] INFO  project_backend.aspect.AppAspect - User: Anonymous | Chức năng: isCheckBlacklist() | Thời gian thực hiện: 1 ms
2026-09-25 11:49:57.639 [http-nio-8080-exec-8] INFO  project_backend.aspect.AppAspect - User: admin | Chức năng: getCurrentUser() | Thời gian thực hiện: 1 ms
2026-09-25 11:49:57.641 [http-nio-8080-exec-4] INFO  project_backend.aspect.AppAspect - User: Anonymous | Chức năng: isCheckBlacklist() | Thời gian thực hiện: 1 ms
2026-09-25 11:49:57.653 [http-nio-8080-exec-4] INFO  project_backend.aspect.AppAspect - User: admin | Chức năng: getStatistics() | Thời gian thực hiện: 9 ms
2026-09-25 11:50:00.375 [http-nio-8080-exec-6] INFO  project_backend.aspect.AppAspect - User: Anonymous | Chức năng: isCheckBlacklist() | Thời gian thực hiện: 1 ms
2026-09-25 11:50:00.375 [http-nio-8080-exec-2] INFO  project_backend.aspect.AppAspect - User: Anonymous | Chức năng: isCheckBlacklist() | Thời gian thực hiện: 1 ms
2026-09-25 11:50:00.375 [http-nio-8080-exec-9] INFO  project_backend.aspect.AppAspect - User: Anonymous | Chức năng: isCheckBlacklist() | Thời gian thực hiện: 1 ms
2026-09-25 11:50:00.380 [http-nio-8080-exec-9] INFO  project_backend.aspect.AppAspect - User: admin | Chức năng: getCurrentUser() | Thời gian thực hiện: 2 ms
2026-09-25 11:50:00.385 [http-nio-8080-exec-2] INFO  project_backend.aspect.AppAspect - User: admin | Chức năng: getStatistics() | Thời gian thực hiện: 7 ms
2026-09-25 11:50:00.386 [http-nio-8080-exec-3] INFO  project_backend.aspect.AppAspect - User: Anonymous | Chức năng: isCheckBlacklist() | Thời gian thực hiện: 0 ms
2026-09-25 11:50:00.391 [http-nio-8080-exec-3] INFO  project_backend.aspect.AppAspect - User: admin | Chức năng: getCurrentUser() | Thời gian thực hiện: 1 ms
2026-09-25 11:50:00.391 [http-nio-8080-exec-6] INFO  project_backend.aspect.AppAspect - User: admin | Chức năng: getQuizzes() | Thời gian thực hiện: 13 ms
2026-09-25 11:50:00.392 [http-nio-8080-exec-5] INFO  project_backend.aspect.AppAspect - User: Anonymous | Chức năng: isCheckBlacklist() | Thời gian thực hiện: 0 ms
2026-09-25 11:50:00.399 [http-nio-8080-exec-10] INFO  project_backend.aspect.AppAspect - User: Anonymous | Chức năng: isCheckBlacklist() | Thời gian thực hiện: 2 ms
2026-09-25 11:50:00.403 [http-nio-8080-exec-5] INFO  project_backend.aspect.AppAspect - User: admin | Chức năng: getStatistics() | Thời gian thực hiện: 8 ms
2026-09-25 11:50:00.414 [http-nio-8080-exec-10] INFO  project_backend.aspect.AppAspect - User: admin | Chức năng: getQuizzes() | Thời gian thực hiện: 12 ms
2026-09-25 11:54:04.689 [http-nio-8080-exec-3] INFO  project_backend.aspect.AppAspect - User: anonymousUser | Chức năng: login() | Thời gian thực hiện: 115 ms
2026-09-25 11:54:04.734 [http-nio-8080-exec-6] INFO  project_backend.aspect.AppAspect - User: Anonymous | Chức năng: isCheckBlacklist() | Thời gian thực hiện: 2 ms
2026-09-25 11:54:04.734 [http-nio-8080-exec-5] INFO  project_backend.aspect.AppAspect - User: Anonymous | Chức năng: isCheckBlacklist() | Thời gian thực hiện: 2 ms
2026-09-25 11:54:04.737 [http-nio-8080-exec-6] INFO  project_backend.aspect.AppAspect - User: admin | Chức năng: getCurrentUser() | Thời gian thực hiện: 1 ms
2026-09-25 11:54:04.741 [http-nio-8080-exec-5] INFO  project_backend.aspect.AppAspect - User: admin | Chức năng: getStatistics() | Thời gian thực hiện: 5 ms
2026-09-25 11:54:04.741 [http-nio-8080-exec-10] INFO  project_backend.aspect.AppAspect - User: Anonymous | Chức năng: isCheckBlacklist() | Thời gian thực hiện: 0 ms
2026-09-25 11:54:04.747 [http-nio-8080-exec-10] INFO  project_backend.aspect.AppAspect - User: admin | Chức năng: getCurrentUser() | Thời gian thực hiện: 0 ms
2026-09-25 11:54:04.747 [http-nio-8080-exec-7] INFO  project_backend.aspect.AppAspect - User: Anonymous | Chức năng: isCheckBlacklist() | Thời gian thực hiện: 0 ms
2026-09-25 11:54:04.760 [http-nio-8080-exec-7] INFO  project_backend.aspect.AppAspect - User: admin | Chức năng: getStatistics() | Thời gian thực hiện: 7 ms
2026-09-25 11:54:14.277 [http-nio-8080-exec-8] INFO  project_backend.aspect.AppAspect - User: Anonymous | Chức năng: isCheckBlacklist() | Thời gian thực hiện: 1 ms
2026-09-25 11:54:14.381 [http-nio-8080-exec-8] INFO  project_backend.aspect.AppAspect - User: admin | Chức năng: login() | Thời gian thực hiện: 99 ms
2026-09-25 11:54:14.426 [http-nio-8080-exec-1] INFO  project_backend.aspect.AppAspect - User: Anonymous | Chức năng: isCheckBlacklist() | Thời gian thực hiện: 5 ms
2026-09-25 11:54:14.426 [http-nio-8080-exec-4] INFO  project_backend.aspect.AppAspect - User: Anonymous | Chức năng: isCheckBlacklist() | Thời gian thực hiện: 5 ms
2026-09-25 11:54:14.430 [http-nio-8080-exec-1] INFO  project_backend.aspect.AppAspect - User: admin | Chức năng: getCurrentUser() | Thời gian thực hiện: 1 ms
2026-09-25 11:54:14.436 [http-nio-8080-exec-4] INFO  project_backend.aspect.AppAspect - User: admin | Chức năng: getStatistics() | Thời gian thực hiện: 7 ms
2026-09-25 11:54:14.437 [http-nio-8080-exec-2] INFO  project_backend.aspect.AppAspect - User: Anonymous | Chức năng: isCheckBlacklist() | Thời gian thực hiện: 1 ms
2026-09-25 11:54:14.441 [http-nio-8080-exec-2] INFO  project_backend.aspect.AppAspect - User: admin | Chức năng: getCurrentUser() | Thời gian thực hiện: 1 ms
2026-09-25 11:54:14.441 [http-nio-8080-exec-9] INFO  project_backend.aspect.AppAspect - User: Anonymous | Chức năng: isCheckBlacklist() | Thời gian thực hiện: 0 ms
2026-09-25 11:54:14.454 [http-nio-8080-exec-9] INFO  project_backend.aspect.AppAspect - User: admin | Chức năng: getStatistics() | Thời gian thực hiện: 9 ms
2026-09-25 11:54:17.037 [http-nio-8080-exec-3] INFO  project_backend.aspect.AppAspect - User: Anonymous | Chức năng: isCheckBlacklist() | Thời gian thực hiện: 0 ms
2026-09-25 11:54:17.037 [http-nio-8080-exec-5] INFO  project_backend.aspect.AppAspect - User: Anonymous | Chức năng: isCheckBlacklist() | Thời gian thực hiện: 0 ms
2026-09-25 11:54:17.037 [http-nio-8080-exec-6] INFO  project_backend.aspect.AppAspect - User: Anonymous | Chức năng: isCheckBlacklist() | Thời gian thực hiện: 0 ms
2026-09-25 11:54:17.042 [http-nio-8080-exec-3] INFO  project_backend.aspect.AppAspect - User: admin | Chức năng: getCurrentUser() | Thời gian thực hiện: 2 ms
2026-09-25 11:54:17.049 [http-nio-8080-exec-5] INFO  project_backend.aspect.AppAspect - User: admin | Chức năng: getAllFeedback() | Thời gian thực hiện: 8 ms
2026-09-25 11:54:17.050 [http-nio-8080-exec-10] INFO  project_backend.aspect.AppAspect - User: Anonymous | Chức năng: isCheckBlacklist() | Thời gian thực hiện: 1 ms
2026-09-25 11:54:17.054 [http-nio-8080-exec-10] INFO  project_backend.aspect.AppAspect - User: admin | Chức năng: getCurrentUser() | Thời gian thực hiện: 1 ms
2026-09-25 11:54:17.058 [http-nio-8080-exec-7] INFO  project_backend.aspect.AppAspect - User: Anonymous | Chức năng: isCheckBlacklist() | Thời gian thực hiện: 1 ms
2026-09-25 11:54:17.066 [http-nio-8080-exec-7] INFO  project_backend.aspect.AppAspect - User: admin | Chức năng: getAllFeedback() | Thời gian thực hiện: 3 ms
2026-09-25 11:54:17.067 [http-nio-8080-exec-6] INFO  project_backend.aspect.AppAspect - User: admin | Chức năng: getStatistics() | Thời gian thực hiện: 17 ms
2026-09-25 11:54:17.076 [http-nio-8080-exec-8] INFO  project_backend.aspect.AppAspect - User: Anonymous | Chức năng: isCheckBlacklist() | Thời gian thực hiện: 1 ms
2026-09-25 11:54:17.079 [http-nio-8080-exec-8] INFO  project_backend.aspect.AppAspect - User: admin | Chức năng: getStatistics() | Thời gian thực hiện: 1 ms
2026-09-25 11:54:24.475 [http-nio-8080-exec-1] INFO  project_backend.aspect.AppAspect - User: Anonymous | Chức năng: isCheckBlacklist() | Thời gian thực hiện: 0 ms
2026-09-25 11:54:24.590 [http-nio-8080-exec-1] INFO  project_backend.aspect.AppAspect - User: admin | Chức năng: login() | Thời gian thực hiện: 109 ms
2026-09-25 11:54:24.621 [http-nio-8080-exec-2] INFO  project_backend.aspect.AppAspect - User: Anonymous | Chức năng: isCheckBlacklist() | Thời gian thực hiện: 0 ms
2026-09-25 11:54:24.621 [http-nio-8080-exec-4] INFO  project_backend.aspect.AppAspect - User: Anonymous | Chức năng: isCheckBlacklist() | Thời gian thực hiện: 0 ms
2026-09-25 11:54:24.630 [http-nio-8080-exec-4] INFO  project_backend.aspect.AppAspect - User: admin | Chức năng: getCurrentUser() | Thời gian thực hiện: 2 ms
2026-09-25 11:54:24.634 [http-nio-8080-exec-2] INFO  project_backend.aspect.AppAspect - User: admin | Chức năng: getStatistics() | Thời gian thực hiện: 6 ms
2026-09-25 11:54:24.634 [http-nio-8080-exec-9] INFO  project_backend.aspect.AppAspect - User: Anonymous | Chức năng: isCheckBlacklist() | Thời gian thực hiện: 0 ms
2026-09-25 11:54:24.640 [http-nio-8080-exec-9] INFO  project_backend.aspect.AppAspect - User: admin | Chức năng: getCurrentUser() | Thời gian thực hiện: 6 ms
2026-09-25 11:54:24.640 [http-nio-8080-exec-3] INFO  project_backend.aspect.AppAspect - User: Anonymous | Chức năng: isCheckBlacklist() | Thời gian thực hiện: 0 ms
2026-09-25 11:54:24.650 [http-nio-8080-exec-3] INFO  project_backend.aspect.AppAspect - User: admin | Chức năng: getStatistics() | Thời gian thực hiện: 7 ms
2026-09-25 11:54:27.723 [http-nio-8080-exec-5] INFO  project_backend.aspect.AppAspect - User: Anonymous | Chức năng: isCheckBlacklist() | Thời gian thực hiện: 1 ms
2026-09-25 11:54:27.724 [http-nio-8080-exec-10] INFO  project_backend.aspect.AppAspect - User: Anonymous | Chức năng: isCheckBlacklist() | Thời gian thực hiện: 1 ms
2026-09-25 11:54:27.724 [http-nio-8080-exec-7] INFO  project_backend.aspect.AppAspect - User: Anonymous | Chức năng: isCheckBlacklist() | Thời gian thực hiện: 1 ms
2026-09-25 11:54:27.727 [http-nio-8080-exec-5] INFO  project_backend.aspect.AppAspect - User: admin | Chức năng: getCurrentUser() | Thời gian thực hiện: 1 ms
2026-09-25 11:54:27.733 [http-nio-8080-exec-10] INFO  project_backend.aspect.AppAspect - User: admin | Chức năng: getStatistics() | Thời gian thực hiện: 7 ms
2026-09-25 11:54:27.735 [http-nio-8080-exec-6] INFO  project_backend.aspect.AppAspect - User: Anonymous | Chức năng: isCheckBlacklist() | Thời gian thực hiện: 1 ms
2026-09-25 11:54:27.739 [http-nio-8080-exec-8] INFO  project_backend.aspect.AppAspect - User: Anonymous | Chức năng: isCheckBlacklist() | Thời gian thực hiện: 1 ms
2026-09-25 11:54:27.739 [http-nio-8080-exec-6] INFO  project_backend.aspect.AppAspect - User: admin | Chức năng: getCurrentUser() | Thời gian thực hiện: 1 ms
2026-09-25 11:54:27.746 [http-nio-8080-exec-7] INFO  project_backend.aspect.AppAspect - User: admin | Chức năng: getQuizzes() | Thời gian thực hiện: 20 ms
2026-09-25 11:54:27.747 [http-nio-8080-exec-8] INFO  project_backend.aspect.AppAspect - User: admin | Chức năng: getStatistics() | Thời gian thực hiện: 5 ms
2026-09-25 11:54:27.754 [http-nio-8080-exec-1] INFO  project_backend.aspect.AppAspect - User: Anonymous | Chức năng: isCheckBlacklist() | Thời gian thực hiện: 0 ms
2026-09-25 11:54:27.770 [http-nio-8080-exec-1] INFO  project_backend.aspect.AppAspect - User: admin | Chức năng: getQuizzes() | Thời gian thực hiện: 12 ms
2026-09-25 11:54:28.231 [http-nio-8080-exec-4] INFO  project_backend.aspect.AppAspect - User: Anonymous | Chức năng: isCheckBlacklist() | Thời gian thực hiện: 0 ms
2026-09-25 11:54:28.232 [http-nio-8080-exec-2] INFO  project_backend.aspect.AppAspect - User: Anonymous | Chức năng: isCheckBlacklist() | Thời gian thực hiện: 1 ms
2026-09-25 11:54:28.232 [http-nio-8080-exec-9] INFO  project_backend.aspect.AppAspect - User: Anonymous | Chức năng: isCheckBlacklist() | Thời gian thực hiện: 0 ms
2026-09-25 11:54:28.235 [http-nio-8080-exec-4] INFO  project_backend.aspect.AppAspect - User: admin | Chức năng: getCurrentUser() | Thời gian thực hiện: 1 ms
2026-09-25 11:54:28.237 [http-nio-8080-exec-9] INFO  project_backend.aspect.AppAspect - User: admin | Chức năng: getAllFeedback() | Thời gian thực hiện: 3 ms
2026-09-25 11:54:28.237 [http-nio-8080-exec-2] INFO  project_backend.aspect.AppAspect - User: admin | Chức năng: getStatistics() | Thời gian thực hiện: 3 ms
2026-09-25 11:54:28.247 [http-nio-8080-exec-5] INFO  project_backend.aspect.AppAspect - User: Anonymous | Chức năng: isCheckBlacklist() | Thời gian thực hiện: 1 ms
2026-09-25 11:54:28.247 [http-nio-8080-exec-3] INFO  project_backend.aspect.AppAspect - User: Anonymous | Chức năng: isCheckBlacklist() | Thời gian thực hiện: 1 ms
2026-09-25 11:54:28.247 [http-nio-8080-exec-10] INFO  project_backend.aspect.AppAspect - User: Anonymous | Chức năng: isCheckBlacklist() | Thời gian thực hiện: 0 ms
2026-09-25 11:54:28.252 [http-nio-8080-exec-3] INFO  project_backend.aspect.AppAspect - User: admin | Chức năng: getCurrentUser() | Thời gian thực hiện: 1 ms
2026-09-25 11:54:28.252 [http-nio-8080-exec-5] INFO  project_backend.aspect.AppAspect - User: admin | Chức năng: getAllFeedback() | Thời gian thực hiện: 1 ms
2026-09-25 11:54:28.258 [http-nio-8080-exec-10] INFO  project_backend.aspect.AppAspect - User: admin | Chức năng: getStatistics() | Thời gian thực hiện: 6 ms
2026-09-25 11:54:30.925 [http-nio-8080-exec-6] INFO  project_backend.aspect.AppAspect - User: Anonymous | Chức năng: isCheckBlacklist() | Thời gian thực hiện: 1 ms
2026-09-25 11:54:30.927 [http-nio-8080-exec-8] INFO  project_backend.aspect.AppAspect - User: Anonymous | Chức năng: isCheckBlacklist() | Thời gian thực hiện: 2 ms
2026-09-25 11:54:30.927 [http-nio-8080-exec-7] INFO  project_backend.aspect.AppAspect - User: Anonymous | Chức năng: isCheckBlacklist() | Thời gian thực hiện: 2 ms
2026-09-25 11:54:30.929 [http-nio-8080-exec-6] INFO  project_backend.aspect.AppAspect - User: admin | Chức năng: getCurrentUser() | Thời gian thực hiện: 1 ms
2026-09-25 11:54:30.931 [http-nio-8080-exec-1] INFO  project_backend.aspect.AppAspect - User: Anonymous | Chức năng: isCheckBlacklist() | Thời gian thực hiện: 0 ms
2026-09-25 11:54:30.931 [http-nio-8080-exec-7] INFO  project_backend.aspect.AppAspect - User: admin | Chức năng: getStatistics() | Thời gian thực hiện: 2 ms
2026-09-25 11:54:30.938 [http-nio-8080-exec-1] INFO  project_backend.aspect.AppAspect - User: admin | Chức năng: getCurrentUser() | Thời gian thực hiện: 0 ms
2026-09-25 11:54:30.938 [http-nio-8080-exec-8] INFO  project_backend.aspect.AppAspect - User: admin | Chức năng: getQuizzes() | Thời gian thực hiện: 9 ms
2026-09-25 11:54:30.938 [http-nio-8080-exec-4] INFO  project_backend.aspect.AppAspect - User: Anonymous | Chức năng: isCheckBlacklist() | Thời gian thực hiện: 0 ms
2026-09-25 11:54:30.945 [http-nio-8080-exec-9] INFO  project_backend.aspect.AppAspect - User: Anonymous | Chức năng: isCheckBlacklist() | Thời gian thực hiện: 0 ms
2026-09-25 11:54:30.952 [http-nio-8080-exec-4] INFO  project_backend.aspect.AppAspect - User: admin | Chức năng: getStatistics() | Thời gian thực hiện: 7 ms
2026-09-25 11:54:30.964 [http-nio-8080-exec-9] INFO  project_backend.aspect.AppAspect - User: admin | Chức năng: getQuizzes() | Thời gian thực hiện: 12 ms
2026-09-25 11:54:31.336 [http-nio-8080-exec-2] INFO  project_backend.aspect.AppAspect - User: Anonymous | Chức năng: isCheckBlacklist() | Thời gian thực hiện: 1 ms
2026-09-25 11:54:31.336 [http-nio-8080-exec-3] INFO  project_backend.aspect.AppAspect - User: Anonymous | Chức năng: isCheckBlacklist() | Thời gian thực hiện: 0 ms
2026-09-25 11:54:31.338 [http-nio-8080-exec-5] INFO  project_backend.aspect.AppAspect - User: Anonymous | Chức năng: isCheckBlacklist() | Thời gian thực hiện: 2 ms
2026-09-25 11:54:31.340 [http-nio-8080-exec-2] INFO  project_backend.aspect.AppAspect - User: admin | Chức năng: getCurrentUser() | Thời gian thực hiện: 1 ms
2026-09-25 11:54:31.345 [http-nio-8080-exec-3] INFO  project_backend.aspect.AppAspect - User: admin | Chức năng: getStatistics() | Thời gian thực hiện: 6 ms
2026-09-25 11:54:31.346 [http-nio-8080-exec-5] INFO  project_backend.aspect.AppAspect - User: admin | Chức năng: getUsers() | Thời gian thực hiện: 6 ms
2026-09-25 11:54:31.346 [http-nio-8080-exec-10] INFO  project_backend.aspect.AppAspect - User: Anonymous | Chức năng: isCheckBlacklist() | Thời gian thực hiện: 0 ms
2026-09-25 11:54:31.348 [http-nio-8080-exec-10] INFO  project_backend.aspect.AppAspect - User: admin | Chức năng: getCurrentUser() | Thời gian thực hiện: 0 ms
2026-09-25 11:54:31.355 [http-nio-8080-exec-6] INFO  project_backend.aspect.AppAspect - User: Anonymous | Chức năng: isCheckBlacklist() | Thời gian thực hiện: 0 ms
2026-09-25 11:54:31.355 [http-nio-8080-exec-7] INFO  project_backend.aspect.AppAspect - User: Anonymous | Chức năng: isCheckBlacklist() | Thời gian thực hiện: 0 ms
2026-09-25 11:54:31.365 [http-nio-8080-exec-6] INFO  project_backend.aspect.AppAspect - User: admin | Chức năng: getStatistics() | Thời gian thực hiện: 10 ms
2026-09-25 11:54:31.366 [http-nio-8080-exec-7] INFO  project_backend.aspect.AppAspect - User: admin | Chức năng: getUsers() | Thời gian thực hiện: 11 ms
2026-09-25 11:54:32.011 [http-nio-8080-exec-8] INFO  project_backend.aspect.AppAspect - User: Anonymous | Chức năng: isCheckBlacklist() | Thời gian thực hiện: 2 ms
2026-09-25 11:54:32.011 [http-nio-8080-exec-1] INFO  project_backend.aspect.AppAspect - User: Anonymous | Chức năng: isCheckBlacklist() | Thời gian thực hiện: 2 ms
2026-09-25 11:54:32.015 [http-nio-8080-exec-1] INFO  project_backend.aspect.AppAspect - User: admin | Chức năng: getCurrentUser() | Thời gian thực hiện: 1 ms
2026-09-25 11:54:32.015 [http-nio-8080-exec-8] INFO  project_backend.aspect.AppAspect - User: admin | Chức năng: getStatistics() | Thời gian thực hiện: 1 ms
2026-09-25 11:54:32.021 [http-nio-8080-exec-4] INFO  project_backend.aspect.AppAspect - User: Anonymous | Chức năng: isCheckBlacklist() | Thời gian thực hiện: 0 ms
2026-09-25 11:54:32.029 [http-nio-8080-exec-4] INFO  project_backend.aspect.AppAspect - User: admin | Chức năng: getCurrentUser() | Thời gian thực hiện: 3 ms
2026-09-25 11:54:32.031 [http-nio-8080-exec-9] INFO  project_backend.aspect.AppAspect - User: Anonymous | Chức năng: isCheckBlacklist() | Thời gian thực hiện: 1 ms
2026-09-25 11:54:32.048 [http-nio-8080-exec-9] INFO  project_backend.aspect.AppAspect - User: admin | Chức năng: getStatistics() | Thời gian thực hiện: 12 ms
2026-09-25 11:54:32.551 [http-nio-8080-exec-3] INFO  project_backend.aspect.AppAspect - User: Anonymous | Chức năng: isCheckBlacklist() | Thời gian thực hiện: 1 ms
2026-09-25 11:54:32.551 [http-nio-8080-exec-2] INFO  project_backend.aspect.AppAspect - User: Anonymous | Chức năng: isCheckBlacklist() | Thời gian thực hiện: 1 ms
2026-09-25 11:54:32.551 [http-nio-8080-exec-5] INFO  project_backend.aspect.AppAspect - User: Anonymous | Chức năng: isCheckBlacklist() | Thời gian thực hiện: 0 ms
2026-09-25 11:54:32.553 [http-nio-8080-exec-2] INFO  project_backend.aspect.AppAspect - User: admin | Chức năng: getCurrentUser() | Thời gian thực hiện: 1 ms
2026-09-25 11:54:32.555 [http-nio-8080-exec-5] INFO  project_backend.aspect.AppAspect - User: admin | Chức năng: getAllFeedback() | Thời gian thực hiện: 3 ms
2026-09-25 11:54:32.556 [http-nio-8080-exec-3] INFO  project_backend.aspect.AppAspect - User: admin | Chức năng: getStatistics() | Thời gian thực hiện: 4 ms
2026-09-25 11:54:32.560 [http-nio-8080-exec-10] INFO  project_backend.aspect.AppAspect - User: Anonymous | Chức năng: isCheckBlacklist() | Thời gian thực hiện: 0 ms
2026-09-25 11:54:32.563 [http-nio-8080-exec-6] INFO  project_backend.aspect.AppAspect - User: Anonymous | Chức năng: isCheckBlacklist() | Thời gian thực hiện: 0 ms
2026-09-25 11:54:32.563 [http-nio-8080-exec-10] INFO  project_backend.aspect.AppAspect - User: admin | Chức năng: getCurrentUser() | Thời gian thực hiện: 0 ms
2026-09-25 11:54:32.563 [http-nio-8080-exec-7] INFO  project_backend.aspect.AppAspect - User: Anonymous | Chức năng: isCheckBlacklist() | Thời gian thực hiện: 0 ms
2026-09-25 11:54:32.570 [http-nio-8080-exec-6] INFO  project_backend.aspect.AppAspect - User: admin | Chức năng: getAllFeedback() | Thời gian thực hiện: 7 ms
2026-09-25 11:54:32.570 [http-nio-8080-exec-7] INFO  project_backend.aspect.AppAspect - User: admin | Chức năng: getStatistics() | Thời gian thực hiện: 7 ms
2026-09-25 11:58:48.945 [http-nio-8080-exec-1] INFO  project_backend.aspect.AppAspect - User: Anonymous | Chức năng: isCheckBlacklist() | Thời gian thực hiện: 1 ms
2026-09-25 11:58:48.954 [http-nio-8080-exec-1] INFO  project_backend.aspect.AppAspect - User: admin | Chức năng: getCurrentUser() | Thời gian thực hiện: 0 ms
2026-09-25 11:58:48.963 [http-nio-8080-exec-8] INFO  project_backend.aspect.AppAspect - User: Anonymous | Chức năng: isCheckBlacklist() | Thời gian thực hiện: 1 ms
2026-09-25 11:58:48.969 [http-nio-8080-exec-8] INFO  project_backend.aspect.AppAspect - User: admin | Chức năng: getCurrentUser() | Thời gian thực hiện: 2 ms
2026-09-25 11:59:01.840 [http-nio-8080-exec-4] INFO  project_backend.aspect.AppAspect - User: Anonymous | Chức năng: isCheckBlacklist() | Thời gian thực hiện: 1 ms
2026-09-25 11:59:01.841 [http-nio-8080-exec-4] INFO  project_backend.aspect.AppAspect - User: admin | Chức năng: getCurrentUser() | Thời gian thực hiện: 0 ms
2026-09-25 11:59:01.849 [http-nio-8080-exec-9] INFO  project_backend.aspect.AppAspect - User: Anonymous | Chức năng: isCheckBlacklist() | Thời gian thực hiện: 1 ms
2026-09-25 11:59:01.853 [http-nio-8080-exec-9] INFO  project_backend.aspect.AppAspect - User: admin | Chức năng: getCurrentUser() | Thời gian thực hiện: 2 ms
2026-09-25 11:59:03.709 [http-nio-8080-exec-2] INFO  project_backend.aspect.AppAspect - User: Anonymous | Chức năng: isCheckBlacklist() | Thời gian thực hiện: 0 ms
2026-09-25 11:59:03.717 [http-nio-8080-exec-2] INFO  project_backend.aspect.AppAspect - User: admin | Chức năng: getCurrentUser() | Thời gian thực hiện: 1 ms
2026-09-25 11:59:03.723 [http-nio-8080-exec-5] INFO  project_backend.aspect.AppAspect - User: Anonymous | Chức năng: isCheckBlacklist() | Thời gian thực hiện: 1 ms
2026-09-25 11:59:03.727 [http-nio-8080-exec-5] INFO  project_backend.aspect.AppAspect - User: admin | Chức năng: getCurrentUser() | Thời gian thực hiện: 1 ms
2026-09-25 11:59:06.808 [http-nio-8080-exec-10] INFO  project_backend.aspect.AppAspect - User: Anonymous | Chức năng: isCheckBlacklist() | Thời gian thực hiện: 0 ms
2026-09-25 11:59:06.808 [http-nio-8080-exec-3] INFO  project_backend.aspect.AppAspect - User: Anonymous | Chức năng: isCheckBlacklist() | Thời gian thực hiện: 0 ms
2026-09-25 11:59:06.811 [http-nio-8080-exec-3] INFO  project_backend.aspect.AppAspect - User: admin | Chức năng: getCurrentUser() | Thời gian thực hiện: 1 ms
2026-09-25 11:59:06.814 [http-nio-8080-exec-6] INFO  project_backend.aspect.AppAspect - User: Anonymous | Chức năng: isCheckBlacklist() | Thời gian thực hiện: 0 ms
2026-09-25 11:59:06.820 [http-nio-8080-exec-6] INFO  project_backend.aspect.AppAspect - User: admin | Chức năng: getCurrentUser() | Thời gian thực hiện: 0 ms
2026-09-25 11:59:06.828 [http-nio-8080-exec-10] INFO  project_backend.aspect.AppAspect - User: admin | Chức năng: getStatistics() | Thời gian thực hiện: 14 ms
2026-09-25 11:59:06.836 [http-nio-8080-exec-7] INFO  project_backend.aspect.AppAspect - User: Anonymous | Chức năng: isCheckBlacklist() | Thời gian thực hiện: 1 ms
2026-09-25 11:59:06.854 [http-nio-8080-exec-7] INFO  project_backend.aspect.AppAspect - User: admin | Chức năng: getStatistics() | Thời gian thực hiện: 15 ms
2026-09-25 11:59:13.850 [http-nio-8080-exec-1] INFO  project_backend.aspect.AppAspect - User: Anonymous | Chức năng: isCheckBlacklist() | Thời gian thực hiện: 1 ms
2026-09-25 11:59:13.850 [http-nio-8080-exec-8] INFO  project_backend.aspect.AppAspect - User: Anonymous | Chức năng: isCheckBlacklist() | Thời gian thực hiện: 0 ms
2026-09-25 11:59:13.851 [http-nio-8080-exec-4] INFO  project_backend.aspect.AppAspect - User: Anonymous | Chức năng: isCheckBlacklist() | Thời gian thực hiện: 0 ms
2026-09-25 11:59:13.853 [http-nio-8080-exec-1] INFO  project_backend.aspect.AppAspect - User: admin | Chức năng: getCurrentUser() | Thời gian thực hiện: 1 ms
2026-09-25 11:59:13.859 [http-nio-8080-exec-8] INFO  project_backend.aspect.AppAspect - User: admin | Chức năng: getStatistics() | Thời gian thực hiện: 7 ms
2026-09-25 11:59:13.860 [http-nio-8080-exec-9] INFO  project_backend.aspect.AppAspect - User: Anonymous | Chức năng: isCheckBlacklist() | Thời gian thực hiện: 1 ms
2026-09-25 11:59:13.864 [http-nio-8080-exec-9] INFO  project_backend.aspect.AppAspect - User: admin | Chức năng: getCurrentUser() | Thời gian thực hiện: 2 ms
2026-09-25 11:59:13.866 [http-nio-8080-exec-2] INFO  project_backend.aspect.AppAspect - User: Anonymous | Chức năng: isCheckBlacklist() | Thời gian thực hiện: 2 ms
2026-09-25 11:59:13.867 [http-nio-8080-exec-4] INFO  project_backend.aspect.AppAspect - User: admin | Chức năng: getAllFeedback() | Thời gian thực hiện: 7 ms
2026-09-25 11:59:13.874 [http-nio-8080-exec-5] INFO  project_backend.aspect.AppAspect - User: Anonymous | Chức năng: isCheckBlacklist() | Thời gian thực hiện: 1 ms
2026-09-25 11:59:13.875 [http-nio-8080-exec-2] INFO  project_backend.aspect.AppAspect - User: admin | Chức năng: getStatistics() | Thời gian thực hiện: 8 ms
2026-09-25 11:59:13.875 [http-nio-8080-exec-5] INFO  project_backend.aspect.AppAspect - User: admin | Chức năng: getAllFeedback() | Thời gian thực hiện: 0 ms
2026-09-25 11:59:16.106 [http-nio-8080-exec-3] INFO  project_backend.aspect.AppAspect - User: Anonymous | Chức năng: isCheckBlacklist() | Thời gian thực hiện: 0 ms
2026-09-25 11:59:16.107 [http-nio-8080-exec-10] INFO  project_backend.aspect.AppAspect - User: Anonymous | Chức năng: isCheckBlacklist() | Thời gian thực hiện: 1 ms
2026-09-25 11:59:16.107 [http-nio-8080-exec-6] INFO  project_backend.aspect.AppAspect - User: Anonymous | Chức năng: isCheckBlacklist() | Thời gian thực hiện: 1 ms
2026-09-25 11:59:16.110 [http-nio-8080-exec-3] INFO  project_backend.aspect.AppAspect - User: admin | Chức năng: getCurrentUser() | Thời gian thực hiện: 1 ms
2026-09-25 11:59:16.116 [http-nio-8080-exec-7] INFO  project_backend.aspect.AppAspect - User: Anonymous | Chức năng: isCheckBlacklist() | Thời gian thực hiện: 0 ms
2026-09-25 11:59:16.118 [http-nio-8080-exec-6] INFO  project_backend.aspect.AppAspect - User: admin | Chức năng: getStatistics() | Thời gian thực hiện: 9 ms
2026-09-25 11:59:16.119 [http-nio-8080-exec-7] INFO  project_backend.aspect.AppAspect - User: admin | Chức năng: getCurrentUser() | Thời gian thực hiện: 1 ms
2026-09-25 11:59:16.124 [http-nio-8080-exec-1] INFO  project_backend.aspect.AppAspect - User: Anonymous | Chức năng: isCheckBlacklist() | Thời gian thực hiện: 0 ms
2026-09-25 11:59:16.126 [http-nio-8080-exec-10] INFO  project_backend.aspect.AppAspect - User: admin | Chức năng: getQuizzes() | Thời gian thực hiện: 17 ms
2026-09-25 11:59:16.131 [http-nio-8080-exec-1] INFO  project_backend.aspect.AppAspect - User: admin | Chức năng: getStatistics() | Thời gian thực hiện: 5 ms
2026-09-25 11:59:16.137 [http-nio-8080-exec-8] INFO  project_backend.aspect.AppAspect - User: Anonymous | Chức năng: isCheckBlacklist() | Thời gian thực hiện: 0 ms
2026-09-25 11:59:16.151 [http-nio-8080-exec-8] INFO  project_backend.aspect.AppAspect - User: admin | Chức năng: getQuizzes() | Thời gian thực hiện: 14 ms
2026-09-25 11:59:16.620 [http-nio-8080-exec-4] INFO  project_backend.aspect.AppAspect - User: Anonymous | Chức năng: isCheckBlacklist() | Thời gian thực hiện: 1 ms
2026-09-25 11:59:16.620 [http-nio-8080-exec-2] INFO  project_backend.aspect.AppAspect - User: Anonymous | Chức năng: isCheckBlacklist() | Thời gian thực hiện: 1 ms
2026-09-25 11:59:16.620 [http-nio-8080-exec-9] INFO  project_backend.aspect.AppAspect - User: Anonymous | Chức năng: isCheckBlacklist() | Thời gian thực hiện: 1 ms
2026-09-25 11:59:16.624 [http-nio-8080-exec-9] INFO  project_backend.aspect.AppAspect - User: admin | Chức năng: getCurrentUser() | Thời gian thực hiện: 2 ms
2026-09-25 11:59:16.627 [http-nio-8080-exec-2] INFO  project_backend.aspect.AppAspect - User: admin | Chức năng: getUsers() | Thời gian thực hiện: 5 ms
2026-09-25 11:59:16.630 [http-nio-8080-exec-4] INFO  project_backend.aspect.AppAspect - User: admin | Chức năng: getStatistics() | Thời gian thực hiện: 8 ms
2026-09-25 11:59:16.633 [http-nio-8080-exec-5] INFO  project_backend.aspect.AppAspect - User: Anonymous | Chức năng: isCheckBlacklist() | Thời gian thực hiện: 1 ms
2026-09-25 11:59:16.640 [http-nio-8080-exec-5] INFO  project_backend.aspect.AppAspect - User: admin | Chức năng: getCurrentUser() | Thời gian thực hiện: 3 ms
2026-09-25 11:59:16.640 [http-nio-8080-exec-3] INFO  project_backend.aspect.AppAspect - User: Anonymous | Chức năng: isCheckBlacklist() | Thời gian thực hiện: 0 ms
2026-09-25 11:59:16.641 [http-nio-8080-exec-6] INFO  project_backend.aspect.AppAspect - User: Anonymous | Chức năng: isCheckBlacklist() | Thời gian thực hiện: 1 ms
2026-09-25 11:59:16.648 [http-nio-8080-exec-3] INFO  project_backend.aspect.AppAspect - User: admin | Chức năng: getUsers() | Thời gian thực hiện: 5 ms
2026-09-25 11:59:16.649 [http-nio-8080-exec-6] INFO  project_backend.aspect.AppAspect - User: admin | Chức năng: getStatistics() | Thời gian thực hiện: 6 ms
2026-09-25 11:59:17.272 [http-nio-8080-exec-7] INFO  project_backend.aspect.AppAspect - User: Anonymous | Chức năng: isCheckBlacklist() | Thời gian thực hiện: 1 ms
2026-09-25 11:59:17.273 [http-nio-8080-exec-10] INFO  project_backend.aspect.AppAspect - User: Anonymous | Chức năng: isCheckBlacklist() | Thời gian thực hiện: 1 ms
2026-09-25 11:59:17.274 [http-nio-8080-exec-1] INFO  project_backend.aspect.AppAspect - User: Anonymous | Chức năng: isCheckBlacklist() | Thời gian thực hiện: 1 ms
2026-09-25 11:59:17.275 [http-nio-8080-exec-7] INFO  project_backend.aspect.AppAspect - User: admin | Chức năng: getCurrentUser() | Thời gian thực hiện: 1 ms
2026-09-25 11:59:17.284 [http-nio-8080-exec-8] INFO  project_backend.aspect.AppAspect - User: Anonymous | Chức năng: isCheckBlacklist() | Thời gian thực hiện: 0 ms
2026-09-25 11:59:17.286 [http-nio-8080-exec-10] INFO  project_backend.aspect.AppAspect - User: admin | Chức năng: getStatistics() | Thời gian thực hiện: 11 ms
2026-09-25 11:59:17.286 [http-nio-8080-exec-8] INFO  project_backend.aspect.AppAspect - User: admin | Chức năng: getCurrentUser() | Thời gian thực hiện: 0 ms
2026-09-25 11:59:17.293 [http-nio-8080-exec-9] INFO  project_backend.aspect.AppAspect - User: Anonymous | Chức năng: isCheckBlacklist() | Thời gian thực hiện: 0 ms
2026-09-25 11:59:17.297 [http-nio-8080-exec-1] INFO  project_backend.aspect.AppAspect - User: admin | Chức năng: getQuizzes() | Thời gian thực hiện: 21 ms
2026-09-25 11:59:17.303 [http-nio-8080-exec-9] INFO  project_backend.aspect.AppAspect - User: admin | Chức năng: getStatistics() | Thời gian thực hiện: 7 ms
2026-09-25 11:59:17.304 [http-nio-8080-exec-2] INFO  project_backend.aspect.AppAspect - User: Anonymous | Chức năng: isCheckBlacklist() | Thời gian thực hiện: 1 ms
2026-09-25 11:59:17.318 [http-nio-8080-exec-2] INFO  project_backend.aspect.AppAspect - User: admin | Chức năng: getQuizzes() | Thời gian thực hiện: 12 ms
2026-09-25 11:59:17.903 [http-nio-8080-exec-5] INFO  project_backend.aspect.AppAspect - User: Anonymous | Chức năng: isCheckBlacklist() | Thời gian thực hiện: 1 ms
2026-09-25 11:59:17.903 [http-nio-8080-exec-4] INFO  project_backend.aspect.AppAspect - User: Anonymous | Chức năng: isCheckBlacklist() | Thời gian thực hiện: 1 ms
2026-09-25 11:59:17.906 [http-nio-8080-exec-4] INFO  project_backend.aspect.AppAspect - User: admin | Chức năng: getCurrentUser() | Thời gian thực hiện: 1 ms
2026-09-25 11:59:17.911 [http-nio-8080-exec-5] INFO  project_backend.aspect.AppAspect - User: admin | Chức năng: getStatistics() | Thời gian thực hiện: 6 ms
2026-09-25 11:59:17.912 [http-nio-8080-exec-3] INFO  project_backend.aspect.AppAspect - User: Anonymous | Chức năng: isCheckBlacklist() | Thời gian thực hiện: 1 ms
2026-09-25 11:59:17.915 [http-nio-8080-exec-3] INFO  project_backend.aspect.AppAspect - User: admin | Chức năng: getCurrentUser() | Thời gian thực hiện: 1 ms
2026-09-25 11:59:17.915 [http-nio-8080-exec-6] INFO  project_backend.aspect.AppAspect - User: Anonymous | Chức năng: isCheckBlacklist() | Thời gian thực hiện: 0 ms
2026-09-25 11:59:17.922 [http-nio-8080-exec-6] INFO  project_backend.aspect.AppAspect - User: admin | Chức năng: getStatistics() | Thời gian thực hiện: 7 ms
2026-09-25 12:26:45.327 [http-nio-8080-exec-9] INFO  project_backend.aspect.AppAspect - User: anonymousUser | Chức năng: login() | Thời gian thực hiện: 146 ms
2026-09-25 12:26:45.427 [http-nio-8080-exec-2] INFO  project_backend.aspect.AppAspect - User: Anonymous | Chức năng: isCheckBlacklist() | Thời gian thực hiện: 0 ms
2026-09-25 12:26:45.428 [http-nio-8080-exec-4] INFO  project_backend.aspect.AppAspect - User: Anonymous | Chức năng: isCheckBlacklist() | Thời gian thực hiện: 0 ms
2026-09-25 12:26:45.432 [http-nio-8080-exec-2] INFO  project_backend.aspect.AppAspect - User: admin | Chức năng: getCurrentUser() | Thời gian thực hiện: 1 ms
2026-09-25 12:26:45.439 [http-nio-8080-exec-5] INFO  project_backend.aspect.AppAspect - User: Anonymous | Chức năng: isCheckBlacklist() | Thời gian thực hiện: 1 ms
2026-09-25 12:26:45.444 [http-nio-8080-exec-5] INFO  project_backend.aspect.AppAspect - User: admin | Chức năng: getCurrentUser() | Thời gian thực hiện: 2 ms
2026-09-25 12:26:45.452 [http-nio-8080-exec-4] INFO  project_backend.aspect.AppAspect - User: admin | Chức năng: getStatistics() | Thời gian thực hiện: 14 ms
2026-09-25 12:26:45.460 [http-nio-8080-exec-3] INFO  project_backend.aspect.AppAspect - User: Anonymous | Chức năng: isCheckBlacklist() | Thời gian thực hiện: 1 ms
2026-09-25 12:26:45.484 [http-nio-8080-exec-3] INFO  project_backend.aspect.AppAspect - User: admin | Chức năng: getStatistics() | Thời gian thực hiện: 20 ms
2026-09-25 12:26:51.813 [http-nio-8080-exec-6] INFO  project_backend.aspect.AppAspect - User: Anonymous | Chức năng: isCheckBlacklist() | Thời gian thực hiện: 1 ms
2026-09-25 12:26:51.813 [http-nio-8080-exec-7] INFO  project_backend.aspect.AppAspect - User: Anonymous | Chức năng: isCheckBlacklist() | Thời gian thực hiện: 1 ms
2026-09-25 12:26:51.817 [http-nio-8080-exec-6] INFO  project_backend.aspect.AppAspect - User: admin | Chức năng: getCurrentUser() | Thời gian thực hiện: 1 ms
2026-09-25 12:26:51.823 [http-nio-8080-exec-7] INFO  project_backend.aspect.AppAspect - User: admin | Chức năng: getStatistics() | Thời gian thực hiện: 7 ms
2026-09-25 12:26:56.771 [http-nio-8080-exec-8] INFO  project_backend.aspect.AppAspect - User: Anonymous | Chức năng: isCheckBlacklist() | Thời gian thực hiện: 0 ms
2026-09-25 12:26:56.771 [http-nio-8080-exec-10] INFO  project_backend.aspect.AppAspect - User: Anonymous | Chức năng: isCheckBlacklist() | Thời gian thực hiện: 0 ms
2026-09-25 12:26:56.775 [http-nio-8080-exec-10] INFO  project_backend.aspect.AppAspect - User: admin | Chức năng: getCurrentUser() | Thời gian thực hiện: 1 ms
2026-09-25 12:26:56.777 [http-nio-8080-exec-8] INFO  project_backend.aspect.AppAspect - User: admin | Chức năng: getStatistics() | Thời gian thực hiện: 3 ms
2026-09-25 12:26:56.777 [http-nio-8080-exec-1] INFO  project_backend.aspect.AppAspect - User: Anonymous | Chức năng: isCheckBlacklist() | Thời gian thực hiện: 0 ms
2026-09-25 12:26:56.784 [http-nio-8080-exec-1] INFO  project_backend.aspect.AppAspect - User: admin | Chức năng: getCurrentUser() | Thời gian thực hiện: 1 ms
2026-09-25 12:26:56.788 [http-nio-8080-exec-9] INFO  project_backend.aspect.AppAspect - User: Anonymous | Chức năng: isCheckBlacklist() | Thời gian thực hiện: 0 ms
2026-09-25 12:26:56.791 [http-nio-8080-exec-9] INFO  project_backend.aspect.AppAspect - User: admin | Chức năng: getStatistics() | Thời gian thực hiện: 1 ms
2026-09-25 12:26:57.959 [http-nio-8080-exec-2] INFO  project_backend.aspect.AppAspect - User: Anonymous | Chức năng: isCheckBlacklist() | Thời gian thực hiện: 0 ms
2026-09-25 12:26:57.961 [http-nio-8080-exec-5] INFO  project_backend.aspect.AppAspect - User: Anonymous | Chức năng: isCheckBlacklist() | Thời gian thực hiện: 0 ms
2026-09-25 12:26:57.962 [http-nio-8080-exec-4] INFO  project_backend.aspect.AppAspect - User: Anonymous | Chức năng: isCheckBlacklist() | Thời gian thực hiện: 1 ms
2026-09-25 12:26:57.967 [http-nio-8080-exec-4] INFO  project_backend.aspect.AppAspect - User: admin | Chức năng: getAllFeedback() | Thời gian thực hiện: 4 ms
2026-09-25 12:26:57.972 [http-nio-8080-exec-5] INFO  project_backend.aspect.AppAspect - User: admin | Chức năng: getStatistics() | Thời gian thực hiện: 9 ms
2026-09-25 12:26:57.972 [http-nio-8080-exec-2] INFO  project_backend.aspect.AppAspect - User: admin | Chức năng: getCurrentUser() | Thời gian thực hiện: 9 ms
2026-09-25 12:26:57.973 [http-nio-8080-exec-3] INFO  project_backend.aspect.AppAspect - User: Anonymous | Chức năng: isCheckBlacklist() | Thời gian thực hiện: 0 ms
2026-09-25 12:26:57.979 [http-nio-8080-exec-3] INFO  project_backend.aspect.AppAspect - User: admin | Chức năng: getAllFeedback() | Thời gian thực hiện: 3 ms
2026-09-25 12:26:57.980 [http-nio-8080-exec-7] INFO  project_backend.aspect.AppAspect - User: Anonymous | Chức năng: isCheckBlacklist() | Thời gian thực hiện: 1 ms
2026-09-25 12:26:57.980 [http-nio-8080-exec-6] INFO  project_backend.aspect.AppAspect - User: Anonymous | Chức năng: isCheckBlacklist() | Thời gian thực hiện: 1 ms
2026-09-25 12:26:57.986 [http-nio-8080-exec-6] INFO  project_backend.aspect.AppAspect - User: admin | Chức năng: getCurrentUser() | Thời gian thực hiện: 3 ms
2026-09-25 12:26:57.993 [http-nio-8080-exec-7] INFO  project_backend.aspect.AppAspect - User: admin | Chức năng: getStatistics() | Thời gian thực hiện: 10 ms
2026-09-25 12:26:59.810 [http-nio-8080-exec-10] INFO  project_backend.aspect.AppAspect - User: Anonymous | Chức năng: isCheckBlacklist() | Thời gian thực hiện: 0 ms
2026-09-25 12:26:59.812 [http-nio-8080-exec-8] INFO  project_backend.aspect.AppAspect - User: Anonymous | Chức năng: isCheckBlacklist() | Thời gian thực hiện: 2 ms
2026-09-25 12:26:59.813 [http-nio-8080-exec-1] INFO  project_backend.aspect.AppAspect - User: Anonymous | Chức năng: isCheckBlacklist() | Thời gian thực hiện: 1 ms
2026-09-25 12:26:59.813 [http-nio-8080-exec-10] INFO  project_backend.aspect.AppAspect - User: admin | Chức năng: getCurrentUser() | Thời gian thực hiện: 0 ms
2026-09-25 12:26:59.818 [http-nio-8080-exec-1] INFO  project_backend.aspect.AppAspect - User: admin | Chức năng: getAllFeedback() | Thời gian thực hiện: 4 ms
2026-09-25 12:26:59.819 [http-nio-8080-exec-9] INFO  project_backend.aspect.AppAspect - User: Anonymous | Chức năng: isCheckBlacklist() | Thời gian thực hiện: 0 ms
2026-09-25 12:26:59.824 [http-nio-8080-exec-9] INFO  project_backend.aspect.AppAspect - User: admin | Chức năng: getCurrentUser() | Thời gian thực hiện: 5 ms
2026-09-25 12:26:59.825 [http-nio-8080-exec-4] INFO  project_backend.aspect.AppAspect - User: Anonymous | Chức năng: isCheckBlacklist() | Thời gian thực hiện: 0 ms
2026-09-25 12:26:59.829 [http-nio-8080-exec-8] INFO  project_backend.aspect.AppAspect - User: admin | Chức năng: getStatistics() | Thời gian thực hiện: 16 ms
2026-09-25 12:26:59.830 [http-nio-8080-exec-4] INFO  project_backend.aspect.AppAspect - User: admin | Chức năng: getAllFeedback() | Thời gian thực hiện: 2 ms
2026-09-25 12:26:59.835 [http-nio-8080-exec-5] INFO  project_backend.aspect.AppAspect - User: Anonymous | Chức năng: isCheckBlacklist() | Thời gian thực hiện: 0 ms
2026-09-25 12:26:59.843 [http-nio-8080-exec-5] INFO  project_backend.aspect.AppAspect - User: admin | Chức năng: getStatistics() | Thời gian thực hiện: 4 ms
2026-09-25 12:28:18.133 [http-nio-8080-exec-2] INFO  project_backend.aspect.AppAspect - User: Anonymous | Chức năng: isCheckBlacklist() | Thời gian thực hiện: 1 ms
2026-09-25 12:28:18.242 [http-nio-8080-exec-2] INFO  project_backend.aspect.AppAspect - User: admin | Chức năng: login() | Thời gian thực hiện: 103 ms
2026-09-25 12:28:18.306 [http-nio-8080-exec-6] INFO  project_backend.aspect.AppAspect - User: Anonymous | Chức năng: isCheckBlacklist() | Thời gian thực hiện: 2 ms
2026-09-25 12:28:18.306 [http-nio-8080-exec-3] INFO  project_backend.aspect.AppAspect - User: Anonymous | Chức năng: isCheckBlacklist() | Thời gian thực hiện: 2 ms
2026-09-25 12:28:18.315 [http-nio-8080-exec-3] INFO  project_backend.aspect.AppAspect - User: admin | Chức năng: getCurrentUser() | Thời gian thực hiện: 3 ms
2026-09-25 12:28:18.336 [http-nio-8080-exec-7] INFO  project_backend.aspect.AppAspect - User: Anonymous | Chức năng: isCheckBlacklist() | Thời gian thực hiện: 1 ms
2026-09-25 12:28:18.337 [http-nio-8080-exec-6] INFO  project_backend.aspect.AppAspect - User: admin | Chức năng: getStatistics() | Thời gian thực hiện: 25 ms
2026-09-25 12:28:18.341 [http-nio-8080-exec-7] INFO  project_backend.aspect.AppAspect - User: admin | Chức năng: getCurrentUser() | Thời gian thực hiện: 2 ms
2026-09-25 12:28:18.349 [http-nio-8080-exec-10] INFO  project_backend.aspect.AppAspect - User: Anonymous | Chức năng: isCheckBlacklist() | Thời gian thực hiện: 0 ms
2026-09-25 12:28:18.370 [http-nio-8080-exec-10] INFO  project_backend.aspect.AppAspect - User: admin | Chức năng: getStatistics() | Thời gian thực hiện: 16 ms
2026-09-25 12:28:18.460 [http-nio-8080-exec-1] INFO  project_backend.aspect.AppAspect - User: Anonymous | Chức năng: isCheckBlacklist() | Thời gian thực hiện: 0 ms
2026-09-25 12:28:18.462 [http-nio-8080-exec-9] INFO  project_backend.aspect.AppAspect - User: Anonymous | Chức năng: isCheckBlacklist() | Thời gian thực hiện: 1 ms
2026-09-25 12:28:18.464 [http-nio-8080-exec-1] INFO  project_backend.aspect.AppAspect - User: admin | Chức năng: getCurrentUser() | Thời gian thực hiện: 1 ms
2026-09-25 12:28:18.470 [http-nio-8080-exec-9] INFO  project_backend.aspect.AppAspect - User: admin | Chức năng: getStatistics() | Thời gian thực hiện: 7 ms
2026-09-25 12:28:18.470 [http-nio-8080-exec-8] INFO  project_backend.aspect.AppAspect - User: Anonymous | Chức năng: isCheckBlacklist() | Thời gian thực hiện: 1 ms
2026-09-25 12:28:18.480 [http-nio-8080-exec-8] INFO  project_backend.aspect.AppAspect - User: admin | Chức năng: getCurrentUser() | Thời gian thực hiện: 2 ms
2026-09-25 12:28:18.486 [http-nio-8080-exec-4] INFO  project_backend.aspect.AppAspect - User: Anonymous | Chức năng: isCheckBlacklist() | Thời gian thực hiện: 2 ms
2026-09-25 12:28:18.497 [http-nio-8080-exec-4] INFO  project_backend.aspect.AppAspect - User: admin | Chức năng: getStatistics() | Thời gian thực hiện: 8 ms
2026-09-25 12:28:21.219 [http-nio-8080-exec-5] INFO  project_backend.aspect.AppAspect - User: Anonymous | Chức năng: isCheckBlacklist() | Thời gian thực hiện: 1 ms
2026-09-25 12:28:21.219 [http-nio-8080-exec-2] INFO  project_backend.aspect.AppAspect - User: Anonymous | Chức năng: isCheckBlacklist() | Thời gian thực hiện: 0 ms
2026-09-25 12:28:21.222 [http-nio-8080-exec-5] INFO  project_backend.aspect.AppAspect - User: admin | Chức năng: getCurrentUser() | Thời gian thực hiện: 0 ms
2026-09-25 12:28:21.229 [http-nio-8080-exec-3] INFO  project_backend.aspect.AppAspect - User: Anonymous | Chức năng: isCheckBlacklist() | Thời gian thực hiện: 1 ms
2026-09-25 12:28:21.233 [http-nio-8080-exec-3] INFO  project_backend.aspect.AppAspect - User: admin | Chức năng: getCurrentUser() | Thời gian thực hiện: 1 ms
2026-09-25 12:28:21.469 [http-nio-8080-exec-6] INFO  project_backend.aspect.AppAspect - User: Anonymous | Chức năng: isCheckBlacklist() | Thời gian thực hiện: 1 ms
2026-09-25 12:30:59.449 [http-nio-8080-exec-7] INFO  project_backend.aspect.AppAspect - User: Anonymous | Chức năng: isCheckBlacklist() | Thời gian thực hiện: 1 ms
2026-09-25 12:30:59.451 [http-nio-8080-exec-10] INFO  project_backend.aspect.AppAspect - User: Anonymous | Chức năng: isCheckBlacklist() | Thời gian thực hiện: 1 ms
2026-09-25 12:30:59.453 [http-nio-8080-exec-7] INFO  project_backend.aspect.AppAspect - User: admin | Chức năng: getCurrentUser() | Thời gian thực hiện: 1 ms
2026-09-25 12:31:17.454 [http-nio-8080-exec-9] INFO  project_backend.aspect.AppAspect - User: Anonymous | Chức năng: isCheckBlacklist() | Thời gian thực hiện: 0 ms
2026-09-25 12:31:17.454 [http-nio-8080-exec-1] INFO  project_backend.aspect.AppAspect - User: Anonymous | Chức năng: isCheckBlacklist() | Thời gian thực hiện: 0 ms
2026-09-25 12:31:17.457 [http-nio-8080-exec-1] INFO  project_backend.aspect.AppAspect - User: admin | Chức năng: getCurrentUser() | Thời gian thực hiện: 1 ms
2026-09-25 12:31:26.439 [http-nio-8080-exec-8] INFO  project_backend.aspect.AppAspect - User: Anonymous | Chức năng: isCheckBlacklist() | Thời gian thực hiện: 0 ms
2026-09-25 12:31:26.439 [http-nio-8080-exec-4] INFO  project_backend.aspect.AppAspect - User: Anonymous | Chức năng: isCheckBlacklist() | Thời gian thực hiện: 0 ms
2026-09-25 12:31:26.444 [http-nio-8080-exec-8] INFO  project_backend.aspect.AppAspect - User: admin | Chức năng: getCurrentUser() | Thời gian thực hiện: 4 ms
2026-09-25 12:32:47.070 [http-nio-8080-exec-5] INFO  project_backend.aspect.AppAspect - User: Anonymous | Chức năng: isCheckBlacklist() | Thời gian thực hiện: 1 ms
2026-09-25 12:32:47.070 [http-nio-8080-exec-3] INFO  project_backend.aspect.AppAspect - User: Anonymous | Chức năng: isCheckBlacklist() | Thời gian thực hiện: 1 ms
2026-09-25 12:32:47.076 [http-nio-8080-exec-3] INFO  project_backend.aspect.AppAspect - User: admin | Chức năng: getCurrentUser() | Thời gian thực hiện: 2 ms
2026-09-25 12:32:47.084 [http-nio-8080-exec-2] INFO  project_backend.aspect.AppAspect - User: Anonymous | Chức năng: isCheckBlacklist() | Thời gian thực hiện: 1 ms
2026-09-25 12:32:47.084 [http-nio-8080-exec-6] INFO  project_backend.aspect.AppAspect - User: Anonymous | Chức năng: isCheckBlacklist() | Thời gian thực hiện: 0 ms
2026-09-25 12:32:47.088 [http-nio-8080-exec-2] INFO  project_backend.aspect.AppAspect - User: admin | Chức năng: getCurrentUser() | Thời gian thực hiện: 2 ms
2026-09-25 12:38:02.995 [http-nio-8080-exec-7] INFO  project_backend.aspect.AppAspect - User: Anonymous | Chức năng: isCheckBlacklist() | Thời gian thực hiện: 1 ms
2026-09-25 12:38:06.365 [http-nio-8080-exec-7] INFO  project_backend.aspect.AppAspect - User: admin | Chức năng: uploadDocument() | Thời gian thực hiện: 2761 ms
2026-09-25 12:38:06.438 [http-nio-8080-exec-7] INFO  project_backend.aspect.AppAspect - User: admin | Chức năng: ingestDocument() | Thời gian thực hiện: 3007 ms
2026-09-25 12:38:06.438 [task-1] INFO  project_backend.service.impl.AsyncIngestProcessor - Processing ingest document 1
2026-09-25 12:38:06.470 [http-nio-8080-exec-10] INFO  project_backend.aspect.AppAspect - User: Anonymous | Chức năng: isCheckBlacklist() | Thời gian thực hiện: 3 ms
2026-09-25 12:38:10.303 [http-nio-8080-exec-9] INFO  project_backend.aspect.AppAspect - User: Anonymous | Chức năng: isCheckBlacklist() | Thời gian thực hiện: 0 ms
2026-09-25 12:38:10.305 [http-nio-8080-exec-1] INFO  project_backend.aspect.AppAspect - User: Anonymous | Chức năng: isCheckBlacklist() | Thời gian thực hiện: 2 ms
2026-09-25 12:38:10.309 [http-nio-8080-exec-1] INFO  project_backend.aspect.AppAspect - User: admin | Chức năng: getCurrentUser() | Thời gian thực hiện: 2 ms
2026-09-25 12:38:10.317 [http-nio-8080-exec-4] INFO  project_backend.aspect.AppAspect - User: Anonymous | Chức năng: isCheckBlacklist() | Thời gian thực hiện: 0 ms
2026-09-25 12:38:10.317 [http-nio-8080-exec-8] INFO  project_backend.aspect.AppAspect - User: Anonymous | Chức năng: isCheckBlacklist() | Thời gian thực hiện: 0 ms
2026-09-25 12:38:10.317 [http-nio-8080-exec-4] INFO  project_backend.aspect.AppAspect - User: admin | Chức năng: getCurrentUser() | Thời gian thực hiện: 0 ms
2026-09-25 12:38:12.270 [task-1] INFO  project_backend.aspect.AppAspect - User: Anonymous | Chức năng: processIngestDocument() | Thời gian thực hiện: 5832 ms
2026-09-25 12:38:24.479 [http-nio-8080-exec-7] INFO  project_backend.aspect.AppAspect - User: anonymousUser | Chức năng: login() | Thời gian thực hiện: 111 ms
2026-09-25 12:38:24.550 [http-nio-8080-exec-10] INFO  project_backend.aspect.AppAspect - User: Anonymous | Chức năng: isCheckBlacklist() | Thời gian thực hiện: 0 ms
2026-09-25 12:38:24.550 [http-nio-8080-exec-1] INFO  project_backend.aspect.AppAspect - User: Anonymous | Chức năng: isCheckBlacklist() | Thời gian thực hiện: 0 ms
2026-09-25 12:38:24.550 [http-nio-8080-exec-10] INFO  project_backend.aspect.AppAspect - User: admin | Chức năng: getCurrentUser() | Thời gian thực hiện: 0 ms
2026-09-25 12:38:24.550 [http-nio-8080-exec-9] INFO  project_backend.aspect.AppAspect - User: Anonymous | Chức năng: isCheckBlacklist() | Thời gian thực hiện: 0 ms
2026-09-25 12:38:24.550 [http-nio-8080-exec-1] INFO  project_backend.aspect.AppAspect - User: admin | Chức năng: getStatistics() | Thời gian thực hiện: 0 ms
2026-09-25 12:38:24.566 [http-nio-8080-exec-9] INFO  project_backend.aspect.AppAspect - User: admin | Chức năng: getCurrentUser() | Thời gian thực hiện: 1 ms
2026-09-25 12:38:24.571 [http-nio-8080-exec-8] INFO  project_backend.aspect.AppAspect - User: Anonymous | Chức năng: isCheckBlacklist() | Thời gian thực hiện: 0 ms
2026-09-25 12:38:24.584 [http-nio-8080-exec-8] INFO  project_backend.aspect.AppAspect - User: admin | Chức năng: getStatistics() | Thời gian thực hiện: 10 ms
2026-09-25 12:38:27.296 [http-nio-8080-exec-4] INFO  project_backend.aspect.AppAspect - User: Anonymous | Chức năng: isCheckBlacklist() | Thời gian thực hiện: 2 ms
2026-09-25 12:38:27.296 [http-nio-8080-exec-3] INFO  project_backend.aspect.AppAspect - User: Anonymous | Chức năng: isCheckBlacklist() | Thời gian thực hiện: 2 ms
2026-09-25 12:38:27.299 [http-nio-8080-exec-4] INFO  project_backend.aspect.AppAspect - User: admin | Chức năng: getCurrentUser() | Thời gian thực hiện: 1 ms
2026-09-25 12:38:27.307 [http-nio-8080-exec-6] INFO  project_backend.aspect.AppAspect - User: Anonymous | Chức năng: isCheckBlacklist() | Thời gian thực hiện: 1 ms
2026-09-25 12:38:27.307 [http-nio-8080-exec-5] INFO  project_backend.aspect.AppAspect - User: Anonymous | Chức năng: isCheckBlacklist() | Thời gian thực hiện: 1 ms
2026-09-25 12:38:27.311 [http-nio-8080-exec-6] INFO  project_backend.aspect.AppAspect - User: admin | Chức năng: getCurrentUser() | Thời gian thực hiện: 1 ms
2026-09-25 12:38:33.198 [http-nio-8080-exec-7] INFO  project_backend.aspect.AppAspect - User: Anonymous | Chức năng: isCheckBlacklist() | Thời gian thực hiện: 2 ms
2026-09-25 12:38:33.198 [http-nio-8080-exec-2] INFO  project_backend.aspect.AppAspect - User: Anonymous | Chức năng: isCheckBlacklist() | Thời gian thực hiện: 2 ms
2026-09-25 12:38:33.202 [http-nio-8080-exec-2] INFO  project_backend.aspect.AppAspect - User: admin | Chức năng: getCurrentUser() | Thời gian thực hiện: 1 ms
2026-09-25 12:38:33.211 [http-nio-8080-exec-1] INFO  project_backend.aspect.AppAspect - User: Anonymous | Chức năng: isCheckBlacklist() | Thời gian thực hiện: 3 ms
2026-09-25 12:38:33.211 [http-nio-8080-exec-10] INFO  project_backend.aspect.AppAspect - User: Anonymous | Chức năng: isCheckBlacklist() | Thời gian thực hiện: 3 ms
2026-09-25 12:38:33.215 [http-nio-8080-exec-10] INFO  project_backend.aspect.AppAspect - User: admin | Chức năng: getCurrentUser() | Thời gian thực hiện: 2 ms
2026-09-25 12:39:09.883 [http-nio-8080-exec-9] INFO  project_backend.aspect.AppAspect - User: Anonymous | Chức năng: isCheckBlacklist() | Thời gian thực hiện: 1 ms
2026-09-25 12:39:09.883 [http-nio-8080-exec-8] INFO  project_backend.aspect.AppAspect - User: Anonymous | Chức năng: isCheckBlacklist() | Thời gian thực hiện: 0 ms
2026-09-25 12:39:09.887 [http-nio-8080-exec-9] INFO  project_backend.aspect.AppAspect - User: admin | Chức năng: getCurrentUser() | Thời gian thực hiện: 1 ms
2026-09-25 12:39:09.895 [http-nio-8080-exec-4] INFO  project_backend.aspect.AppAspect - User: Anonymous | Chức năng: isCheckBlacklist() | Thời gian thực hiện: 1 ms
2026-09-25 12:39:09.895 [http-nio-8080-exec-3] INFO  project_backend.aspect.AppAspect - User: Anonymous | Chức năng: isCheckBlacklist() | Thời gian thực hiện: 1 ms
2026-09-25 12:39:09.899 [http-nio-8080-exec-4] INFO  project_backend.aspect.AppAspect - User: admin | Chức năng: getCurrentUser() | Thời gian thực hiện: 2 ms
2026-09-25 12:40:32.897 [http-nio-8080-exec-6] INFO  project_backend.aspect.AppAspect - User: Anonymous | Chức năng: isCheckBlacklist() | Thời gian thực hiện: 0 ms
2026-09-25 12:40:32.897 [http-nio-8080-exec-5] INFO  project_backend.aspect.AppAspect - User: Anonymous | Chức năng: isCheckBlacklist() | Thời gian thực hiện: 0 ms
2026-09-25 12:40:32.905 [http-nio-8080-exec-6] INFO  project_backend.aspect.AppAspect - User: admin | Chức năng: getCurrentUser() | Thời gian thực hiện: 1 ms
2026-09-25 12:40:33.590 [http-nio-8080-exec-7] INFO  project_backend.aspect.AppAspect - User: Anonymous | Chức năng: isCheckBlacklist() | Thời gian thực hiện: 1 ms
2026-09-25 12:40:33.590 [http-nio-8080-exec-2] INFO  project_backend.aspect.AppAspect - User: Anonymous | Chức năng: isCheckBlacklist() | Thời gian thực hiện: 1 ms
2026-09-25 12:40:33.594 [http-nio-8080-exec-2] INFO  project_backend.aspect.AppAspect - User: admin | Chức năng: getCurrentUser() | Thời gian thực hiện: 2 ms
2026-09-25 12:40:33.602 [http-nio-8080-exec-1] INFO  project_backend.aspect.AppAspect - User: Anonymous | Chức năng: isCheckBlacklist() | Thời gian thực hiện: 1 ms
2026-09-25 12:40:33.602 [http-nio-8080-exec-10] INFO  project_backend.aspect.AppAspect - User: Anonymous | Chức năng: isCheckBlacklist() | Thời gian thực hiện: 1 ms
2026-09-25 12:40:33.606 [http-nio-8080-exec-10] INFO  project_backend.aspect.AppAspect - User: admin | Chức năng: getCurrentUser() | Thời gian thực hiện: 2 ms
2026-09-25 12:40:39.438 [http-nio-8080-exec-9] INFO  project_backend.aspect.AppAspect - User: Anonymous | Chức năng: isCheckBlacklist() | Thời gian thực hiện: 1 ms
2026-09-25 12:40:39.439 [http-nio-8080-exec-8] INFO  project_backend.aspect.AppAspect - User: Anonymous | Chức năng: isCheckBlacklist() | Thời gian thực hiện: 1 ms
2026-09-25 12:40:39.442 [http-nio-8080-exec-9] INFO  project_backend.aspect.AppAspect - User: admin | Chức năng: getCurrentUser() | Thời gian thực hiện: 1 ms
2026-09-25 12:40:50.308 [http-nio-8080-exec-3] INFO  project_backend.aspect.AppAspect - User: Anonymous | Chức năng: isCheckBlacklist() | Thời gian thực hiện: 1 ms
2026-09-25 12:40:50.308 [http-nio-8080-exec-4] INFO  project_backend.aspect.AppAspect - User: Anonymous | Chức năng: isCheckBlacklist() | Thời gian thực hiện: 1 ms
2026-09-25 12:40:50.313 [http-nio-8080-exec-4] INFO  project_backend.aspect.AppAspect - User: admin | Chức năng: getCurrentUser() | Thời gian thực hiện: 2 ms
2026-09-25 12:40:50.323 [http-nio-8080-exec-5] INFO  project_backend.aspect.AppAspect - User: Anonymous | Chức năng: isCheckBlacklist() | Thời gian thực hiện: 1 ms
2026-09-25 12:40:50.323 [http-nio-8080-exec-6] INFO  project_backend.aspect.AppAspect - User: Anonymous | Chức năng: isCheckBlacklist() | Thời gian thực hiện: 1 ms
2026-09-25 12:40:50.327 [http-nio-8080-exec-6] INFO  project_backend.aspect.AppAspect - User: admin | Chức năng: getCurrentUser() | Thời gian thực hiện: 1 ms
2026-09-25 12:40:51.285 [http-nio-8080-exec-7] INFO  project_backend.aspect.AppAspect - User: Anonymous | Chức năng: isCheckBlacklist() | Thời gian thực hiện: 1 ms
2026-09-25 12:40:51.285 [http-nio-8080-exec-2] INFO  project_backend.aspect.AppAspect - User: Anonymous | Chức năng: isCheckBlacklist() | Thời gian thực hiện: 1 ms
2026-09-25 12:40:51.290 [http-nio-8080-exec-7] INFO  project_backend.aspect.AppAspect - User: admin | Chức năng: getCurrentUser() | Thời gian thực hiện: 2 ms
2026-09-25 12:40:51.298 [http-nio-8080-exec-10] INFO  project_backend.aspect.AppAspect - User: Anonymous | Chức năng: isCheckBlacklist() | Thời gian thực hiện: 1 ms
2026-09-25 12:40:51.298 [http-nio-8080-exec-1] INFO  project_backend.aspect.AppAspect - User: Anonymous | Chức năng: isCheckBlacklist() | Thời gian thực hiện: 1 ms
2026-09-25 12:40:51.302 [http-nio-8080-exec-10] INFO  project_backend.aspect.AppAspect - User: admin | Chức năng: getCurrentUser() | Thời gian thực hiện: 2 ms
2026-09-25 12:41:51.708 [http-nio-8080-exec-9] INFO  project_backend.aspect.AppAspect - User: Anonymous | Chức năng: isCheckBlacklist() | Thời gian thực hiện: 1 ms
2026-09-25 12:41:51.708 [http-nio-8080-exec-8] INFO  project_backend.aspect.AppAspect - User: Anonymous | Chức năng: isCheckBlacklist() | Thời gian thực hiện: 1 ms
2026-09-25 12:41:51.713 [http-nio-8080-exec-8] INFO  project_backend.aspect.AppAspect - User: admin | Chức năng: getCurrentUser() | Thời gian thực hiện: 1 ms
2026-09-25 12:41:51.723 [http-nio-8080-exec-3] INFO  project_backend.aspect.AppAspect - User: Anonymous | Chức năng: isCheckBlacklist() | Thời gian thực hiện: 1 ms
2026-09-25 12:41:51.723 [http-nio-8080-exec-4] INFO  project_backend.aspect.AppAspect - User: Anonymous | Chức năng: isCheckBlacklist() | Thời gian thực hiện: 1 ms
2026-09-25 12:41:51.726 [http-nio-8080-exec-3] INFO  project_backend.aspect.AppAspect - User: admin | Chức năng: getCurrentUser() | Thời gian thực hiện: 1 ms
2026-09-25 12:42:00.681 [http-nio-8080-exec-6] INFO  project_backend.aspect.AppAspect - User: Anonymous | Chức năng: isCheckBlacklist() | Thời gian thực hiện: 1 ms
2026-09-25 12:42:00.681 [http-nio-8080-exec-5] INFO  project_backend.aspect.AppAspect - User: Anonymous | Chức năng: isCheckBlacklist() | Thời gian thực hiện: 1 ms
2026-09-25 12:42:00.685 [http-nio-8080-exec-5] INFO  project_backend.aspect.AppAspect - User: admin | Chức năng: getCurrentUser() | Thời gian thực hiện: 2 ms
2026-09-25 12:42:00.692 [http-nio-8080-exec-7] INFO  project_backend.aspect.AppAspect - User: Anonymous | Chức năng: isCheckBlacklist() | Thời gian thực hiện: 0 ms
2026-09-25 12:42:00.692 [http-nio-8080-exec-2] INFO  project_backend.aspect.AppAspect - User: Anonymous | Chức năng: isCheckBlacklist() | Thời gian thực hiện: 0 ms
2026-09-25 12:42:00.696 [http-nio-8080-exec-7] INFO  project_backend.aspect.AppAspect - User: admin | Chức năng: getCurrentUser() | Thời gian thực hiện: 1 ms
2026-09-25 12:42:01.526 [http-nio-8080-exec-1] INFO  project_backend.aspect.AppAspect - User: Anonymous | Chức năng: isCheckBlacklist() | Thời gian thực hiện: 0 ms
2026-09-25 12:42:01.526 [http-nio-8080-exec-10] INFO  project_backend.aspect.AppAspect - User: Anonymous | Chức năng: isCheckBlacklist() | Thời gian thực hiện: 0 ms
2026-09-25 12:42:01.529 [http-nio-8080-exec-1] INFO  project_backend.aspect.AppAspect - User: admin | Chức năng: getCurrentUser() | Thời gian thực hiện: 1 ms
2026-09-25 12:42:01.535 [http-nio-8080-exec-8] INFO  project_backend.aspect.AppAspect - User: Anonymous | Chức năng: isCheckBlacklist() | Thời gian thực hiện: 1 ms
2026-09-25 12:42:01.536 [http-nio-8080-exec-9] INFO  project_backend.aspect.AppAspect - User: Anonymous | Chức năng: isCheckBlacklist() | Thời gian thực hiện: 0 ms
2026-09-25 12:42:01.539 [http-nio-8080-exec-8] INFO  project_backend.aspect.AppAspect - User: admin | Chức năng: getCurrentUser() | Thời gian thực hiện: 1 ms
2026-09-25 12:42:02.412 [http-nio-8080-exec-4] INFO  project_backend.aspect.AppAspect - User: Anonymous | Chức năng: isCheckBlacklist() | Thời gian thực hiện: 0 ms
2026-09-25 12:42:02.412 [http-nio-8080-exec-3] INFO  project_backend.aspect.AppAspect - User: Anonymous | Chức năng: isCheckBlacklist() | Thời gian thực hiện: 0 ms
2026-09-25 12:42:02.416 [http-nio-8080-exec-4] INFO  project_backend.aspect.AppAspect - User: admin | Chức năng: getCurrentUser() | Thời gian thực hiện: 1 ms
2026-09-25 12:42:02.423 [http-nio-8080-exec-6] INFO  project_backend.aspect.AppAspect - User: Anonymous | Chức năng: isCheckBlacklist() | Thời gian thực hiện: 0 ms
2026-09-25 12:42:02.423 [http-nio-8080-exec-5] INFO  project_backend.aspect.AppAspect - User: Anonymous | Chức năng: isCheckBlacklist() | Thời gian thực hiện: 0 ms
2026-09-25 12:42:02.428 [http-nio-8080-exec-6] INFO  project_backend.aspect.AppAspect - User: admin | Chức năng: getCurrentUser() | Thời gian thực hiện: 1 ms
2026-09-25 12:42:13.235 [http-nio-8080-exec-7] INFO  project_backend.aspect.AppAspect - User: Anonymous | Chức năng: isCheckBlacklist() | Thời gian thực hiện: 0 ms
2026-09-25 12:42:15.044 [http-nio-8080-exec-7] INFO  project_backend.aspect.AppAspect - User: admin | Chức năng: uploadDocument() | Thời gian thực hiện: 1723 ms
2026-09-25 12:42:15.058 [http-nio-8080-exec-7] INFO  project_backend.aspect.AppAspect - User: admin | Chức năng: ingestDocument() | Thời gian thực hiện: 1815 ms
2026-09-25 12:42:15.058 [task-2] INFO  project_backend.service.impl.AsyncIngestProcessor - Processing ingest document 2
2026-09-25 12:42:15.076 [http-nio-8080-exec-2] INFO  project_backend.aspect.AppAspect - User: Anonymous | Chức năng: isCheckBlacklist() | Thời gian thực hiện: 0 ms
2026-09-25 12:42:15.524 [task-2] INFO  project_backend.aspect.AppAspect - User: Anonymous | Chức năng: processIngestDocument() | Thời gian thực hiện: 466 ms
2026-09-25 12:42:18.836 [http-nio-8080-exec-1] INFO  project_backend.aspect.AppAspect - User: Anonymous | Chức năng: isCheckBlacklist() | Thời gian thực hiện: 1 ms
2026-09-25 12:42:18.836 [http-nio-8080-exec-10] INFO  project_backend.aspect.AppAspect - User: Anonymous | Chức năng: isCheckBlacklist() | Thời gian thực hiện: 1 ms
2026-09-25 12:42:18.839 [http-nio-8080-exec-1] INFO  project_backend.aspect.AppAspect - User: admin | Chức năng: getCurrentUser() | Thời gian thực hiện: 1 ms
2026-09-25 12:42:18.843 [http-nio-8080-exec-9] INFO  project_backend.aspect.AppAspect - User: Anonymous | Chức năng: isCheckBlacklist() | Thời gian thực hiện: 0 ms
2026-09-25 12:42:18.843 [http-nio-8080-exec-8] INFO  project_backend.aspect.AppAspect - User: Anonymous | Chức năng: isCheckBlacklist() | Thời gian thực hiện: 0 ms
2026-09-25 12:42:18.850 [http-nio-8080-exec-9] INFO  project_backend.aspect.AppAspect - User: admin | Chức năng: getCurrentUser() | Thời gian thực hiện: 1 ms
2026-09-25 12:42:19.827 [http-nio-8080-exec-4] INFO  project_backend.aspect.AppAspect - User: Anonymous | Chức năng: isCheckBlacklist() | Thời gian thực hiện: 0 ms
2026-09-25 12:42:19.827 [http-nio-8080-exec-3] INFO  project_backend.aspect.AppAspect - User: Anonymous | Chức năng: isCheckBlacklist() | Thời gian thực hiện: 0 ms
2026-09-25 12:42:19.831 [http-nio-8080-exec-3] INFO  project_backend.aspect.AppAspect - User: admin | Chức năng: getCurrentUser() | Thời gian thực hiện: 1 ms
2026-09-25 12:42:19.838 [http-nio-8080-exec-6] INFO  project_backend.aspect.AppAspect - User: Anonymous | Chức năng: isCheckBlacklist() | Thời gian thực hiện: 0 ms
2026-09-25 12:42:19.838 [http-nio-8080-exec-5] INFO  project_backend.aspect.AppAspect - User: Anonymous | Chức năng: isCheckBlacklist() | Thời gian thực hiện: 0 ms
2026-09-25 12:42:19.843 [http-nio-8080-exec-5] INFO  project_backend.aspect.AppAspect - User: admin | Chức năng: getCurrentUser() | Thời gian thực hiện: 1 ms
2026-09-25 12:42:38.108 [SpringApplicationShutdownHook] INFO  com.zaxxer.hikari.HikariDataSource - HikariPool-1 - Shutdown initiated...
2026-09-25 12:42:38.111 [SpringApplicationShutdownHook] INFO  com.zaxxer.hikari.HikariDataSource - HikariPool-1 - Shutdown completed.
2026-09-25 12:42:44.837 [restartedMain] INFO  project_backend.BackendApplication - Starting BackendApplication using Java 17.0.18 with PID 12128 (D:\HOC_LAP_TRINH\AI_Application\2. Project Example Holiday\Example Project Holiday\qivora\Backend\build\classes\java\main started by HUY HOAN in D:\HOC_LAP_TRINH\AI_Application\2. Project Example Holiday\Example Project Holiday\qivora\Backend)
2026-09-25 12:42:44.839 [restartedMain] INFO  project_backend.BackendApplication - No active profile set, falling back to 1 default profile: "default"
2026-09-25 12:42:47.404 [restartedMain] INFO  com.zaxxer.hikari.HikariDataSource - HikariPool-1 - Starting...
2026-09-25 12:42:47.563 [restartedMain] INFO  com.zaxxer.hikari.pool.HikariPool - HikariPool-1 - Added connection org.postgresql.jdbc.PgConnection@6c5b0a43
2026-09-25 12:42:47.564 [restartedMain] INFO  com.zaxxer.hikari.HikariDataSource - HikariPool-1 - Start completed.
2026-09-25 12:42:56.555 [restartedMain] INFO  project_backend.BackendApplication - Started BackendApplication in 12.186 seconds (process running for 12.845)
2026-09-25 12:42:57.792 [http-nio-8080-exec-1] INFO  project_backend.aspect.AppAspect - User: Anonymous | Chức năng: isCheckBlacklist() | Thời gian thực hiện: 1032 ms
2026-09-25 12:42:58.939 [http-nio-8080-exec-1] INFO  project_backend.aspect.AppAspect - User: admin | Chức năng: login() | Thời gian thực hiện: 394 ms
2026-09-25 12:42:59.154 [http-nio-8080-exec-3] INFO  project_backend.aspect.AppAspect - User: Anonymous | Chức năng: isCheckBlacklist() | Thời gian thực hiện: 0 ms
2026-09-25 12:42:59.154 [http-nio-8080-exec-2] INFO  project_backend.aspect.AppAspect - User: Anonymous | Chức năng: isCheckBlacklist() | Thời gian thực hiện: 1 ms
2026-09-25 12:42:59.169 [http-nio-8080-exec-3] INFO  project_backend.aspect.AppAspect - User: admin | Chức năng: getCurrentUser() | Thời gian thực hiện: 2 ms
2026-09-25 12:42:59.184 [http-nio-8080-exec-4] INFO  project_backend.aspect.AppAspect - User: Anonymous | Chức năng: isCheckBlacklist() | Thời gian thực hiện: 0 ms
2026-09-25 12:42:59.198 [http-nio-8080-exec-4] INFO  project_backend.aspect.AppAspect - User: admin | Chức năng: getCurrentUser() | Thời gian thực hiện: 7 ms
2026-09-25 12:42:59.231 [http-nio-8080-exec-2] INFO  project_backend.aspect.AppAspect - User: admin | Chức năng: getStatistics() | Thời gian thực hiện: 70 ms
2026-09-25 12:42:59.246 [http-nio-8080-exec-5] INFO  project_backend.aspect.AppAspect - User: Anonymous | Chức năng: isCheckBlacklist() | Thời gian thực hiện: 0 ms
2026-09-25 12:42:59.281 [http-nio-8080-exec-5] INFO  project_backend.aspect.AppAspect - User: admin | Chức năng: getStatistics() | Thời gian thực hiện: 25 ms
2026-09-25 12:43:00.918 [http-nio-8080-exec-6] INFO  project_backend.aspect.AppAspect - User: Anonymous | Chức năng: isCheckBlacklist() | Thời gian thực hiện: 1 ms
2026-09-25 12:43:00.920 [http-nio-8080-exec-7] INFO  project_backend.aspect.AppAspect - User: Anonymous | Chức năng: isCheckBlacklist() | Thời gian thực hiện: 1 ms
2026-09-25 12:43:00.928 [http-nio-8080-exec-6] INFO  project_backend.aspect.AppAspect - User: admin | Chức năng: getCurrentUser() | Thời gian thực hiện: 3 ms
2026-09-25 12:43:00.935 [http-nio-8080-exec-8] INFO  project_backend.aspect.AppAspect - User: Anonymous | Chức năng: isCheckBlacklist() | Thời gian thực hiện: 1 ms
2026-09-25 12:43:00.947 [http-nio-8080-exec-8] INFO  project_backend.aspect.AppAspect - User: admin | Chức năng: getCurrentUser() | Thời gian thực hiện: 4 ms
2026-09-25 12:43:00.976 [http-nio-8080-exec-7] INFO  project_backend.aspect.AppAspect - User: admin | Chức năng: getDocuments() | Thời gian thực hiện: 50 ms
2026-09-25 12:43:00.998 [http-nio-8080-exec-9] INFO  project_backend.aspect.AppAspect - User: Anonymous | Chức năng: isCheckBlacklist() | Thời gian thực hiện: 3 ms
2026-09-25 12:43:01.013 [http-nio-8080-exec-9] INFO  project_backend.aspect.AppAspect - User: admin | Chức năng: getDocuments() | Thời gian thực hiện: 8 ms
2026-09-25 12:43:12.332 [http-nio-8080-exec-10] INFO  project_backend.aspect.AppAspect - User: Anonymous | Chức năng: isCheckBlacklist() | Thời gian thực hiện: 1 ms
2026-09-25 12:43:14.517 [http-nio-8080-exec-10] INFO  project_backend.aspect.AppAspect - User: admin | Chức năng: uploadDocument() | Thời gian thực hiện: 2056 ms
2026-09-25 12:43:14.529 [http-nio-8080-exec-10] INFO  project_backend.aspect.AppAspect - User: admin | Chức năng: ingestDocument() | Thời gian thực hiện: 2138 ms
2026-09-25 12:43:14.529 [task-1] INFO  project_backend.service.impl.AsyncIngestProcessor - Processing ingest document 3
2026-09-25 12:43:14.553 [http-nio-8080-exec-1] INFO  project_backend.aspect.AppAspect - User: Anonymous | Chức năng: isCheckBlacklist() | Thời gian thực hiện: 2 ms
2026-09-25 12:43:14.573 [http-nio-8080-exec-1] INFO  project_backend.aspect.AppAspect - User: admin | Chức năng: getDocuments() | Thời gian thực hiện: 10 ms
2026-09-25 12:43:16.632 [task-1] INFO  project_backend.aspect.AppAspect - User: Anonymous | Chức năng: processIngestDocument() | Thời gian thực hiện: 2103 ms
2026-09-25 12:43:53.001 [http-nio-8080-exec-3] INFO  project_backend.aspect.AppAspect - User: Anonymous | Chức năng: isCheckBlacklist() | Thời gian thực hiện: 1 ms
2026-09-25 12:43:53.001 [http-nio-8080-exec-4] INFO  project_backend.aspect.AppAspect - User: Anonymous | Chức năng: isCheckBlacklist() | Thời gian thực hiện: 1 ms
2026-09-25 12:43:53.009 [http-nio-8080-exec-3] INFO  project_backend.aspect.AppAspect - User: admin | Chức năng: getCurrentUser() | Thời gian thực hiện: 3 ms
2026-09-25 12:43:53.011 [http-nio-8080-exec-4] INFO  project_backend.aspect.AppAspect - User: admin | Chức năng: getDocuments() | Thời gian thực hiện: 5 ms
2026-09-25 12:43:53.019 [http-nio-8080-exec-2] INFO  project_backend.aspect.AppAspect - User: Anonymous | Chức năng: isCheckBlacklist() | Thời gian thực hiện: 1 ms
2026-09-25 12:43:53.019 [http-nio-8080-exec-5] INFO  project_backend.aspect.AppAspect - User: Anonymous | Chức năng: isCheckBlacklist() | Thời gian thực hiện: 0 ms
2026-09-25 12:43:53.023 [http-nio-8080-exec-2] INFO  project_backend.aspect.AppAspect - User: admin | Chức năng: getCurrentUser() | Thời gian thực hiện: 0 ms
2026-09-25 12:43:53.027 [http-nio-8080-exec-5] INFO  project_backend.aspect.AppAspect - User: admin | Chức năng: getDocuments() | Thời gian thực hiện: 4 ms
2026-09-25 12:44:08.743 [SpringApplicationShutdownHook] INFO  com.zaxxer.hikari.HikariDataSource - HikariPool-1 - Shutdown initiated...
2026-09-25 12:44:08.745 [SpringApplicationShutdownHook] INFO  com.zaxxer.hikari.HikariDataSource - HikariPool-1 - Shutdown completed.
2026-09-25 14:16:39.822 [restartedMain] INFO  project_backend.BackendApplication - Starting BackendApplication using Java 17.0.18 with PID 7296 (D:\HOC_LAP_TRINH\AI_Application\2. Project Example Holiday\Example Project Holiday\qivora\Backend\build\classes\java\main started by HUY HOAN in D:\HOC_LAP_TRINH\AI_Application\2. Project Example Holiday\Example Project Holiday\qivora\Backend)
2026-09-25 14:16:39.825 [restartedMain] INFO  project_backend.BackendApplication - No active profile set, falling back to 1 default profile: "default"
2026-09-25 14:16:45.674 [restartedMain] INFO  com.zaxxer.hikari.HikariDataSource - HikariPool-1 - Starting...
2026-09-25 14:16:46.108 [restartedMain] INFO  com.zaxxer.hikari.pool.HikariPool - HikariPool-1 - Added connection org.postgresql.jdbc.PgConnection@2c9e5412
2026-09-25 14:16:46.112 [restartedMain] INFO  com.zaxxer.hikari.HikariDataSource - HikariPool-1 - Start completed.
2026-09-25 14:16:55.918 [restartedMain] INFO  project_backend.BackendApplication - Started BackendApplication in 18.268 seconds (process running for 20.611)
2026-09-25 14:17:12.803 [http-nio-8080-exec-2] INFO  project_backend.aspect.AppAspect - User: anonymousUser | Chức năng: login() | Thời gian thực hiện: 686 ms
2026-09-25 14:17:13.749 [http-nio-8080-exec-1] INFO  project_backend.aspect.AppAspect - User: Anonymous | Chức năng: isCheckBlacklist() | Thời gian thực hiện: 716 ms
2026-09-25 14:17:13.749 [http-nio-8080-exec-3] INFO  project_backend.aspect.AppAspect - User: Anonymous | Chức năng: isCheckBlacklist() | Thời gian thực hiện: 716 ms
2026-09-25 14:17:13.768 [http-nio-8080-exec-3] INFO  project_backend.aspect.AppAspect - User: admin | Chức năng: getCurrentUser() | Thời gian thực hiện: 7 ms
2026-09-25 14:17:13.782 [http-nio-8080-exec-4] INFO  project_backend.aspect.AppAspect - User: Anonymous | Chức năng: isCheckBlacklist() | Thời gian thực hiện: 14 ms
2026-09-25 14:17:13.789 [http-nio-8080-exec-4] INFO  project_backend.aspect.AppAspect - User: admin | Chức năng: getCurrentUser() | Thời gian thực hiện: 0 ms
2026-09-25 14:17:13.824 [http-nio-8080-exec-1] INFO  project_backend.aspect.AppAspect - User: admin | Chức năng: getStatistics() | Thời gian thực hiện: 63 ms
2026-09-25 14:17:13.840 [http-nio-8080-exec-5] INFO  project_backend.aspect.AppAspect - User: Anonymous | Chức năng: isCheckBlacklist() | Thời gian thực hiện: 0 ms
2026-09-25 14:17:13.864 [http-nio-8080-exec-5] INFO  project_backend.aspect.AppAspect - User: admin | Chức năng: getStatistics() | Thời gian thực hiện: 15 ms
2026-09-25 14:17:15.794 [http-nio-8080-exec-6] INFO  project_backend.aspect.AppAspect - User: Anonymous | Chức năng: isCheckBlacklist() | Thời gian thực hiện: 1 ms
2026-09-25 14:17:15.795 [http-nio-8080-exec-7] INFO  project_backend.aspect.AppAspect - User: Anonymous | Chức năng: isCheckBlacklist() | Thời gian thực hiện: 1 ms
2026-09-25 14:17:15.807 [http-nio-8080-exec-7] INFO  project_backend.aspect.AppAspect - User: admin | Chức năng: getCurrentUser() | Thời gian thực hiện: 6 ms
2026-09-25 14:17:15.816 [http-nio-8080-exec-8] INFO  project_backend.aspect.AppAspect - User: Anonymous | Chức năng: isCheckBlacklist() | Thời gian thực hiện: 1 ms
2026-09-25 14:17:15.828 [http-nio-8080-exec-8] INFO  project_backend.aspect.AppAspect - User: admin | Chức năng: getCurrentUser() | Thời gian thực hiện: 4 ms
2026-09-25 14:17:15.855 [http-nio-8080-exec-6] INFO  project_backend.aspect.AppAspect - User: admin | Chức năng: getDocuments() | Thời gian thực hiện: 53 ms
2026-09-25 14:17:15.875 [http-nio-8080-exec-9] INFO  project_backend.aspect.AppAspect - User: Anonymous | Chức năng: isCheckBlacklist() | Thời gian thực hiện: 0 ms
2026-09-25 14:17:15.894 [http-nio-8080-exec-9] INFO  project_backend.aspect.AppAspect - User: admin | Chức năng: getDocuments() | Thời gian thực hiện: 14 ms
2026-09-25 14:17:20.708 [http-nio-8080-exec-10] INFO  project_backend.aspect.AppAspect - User: Anonymous | Chức năng: isCheckBlacklist() | Thời gian thực hiện: 0 ms
2026-09-25 14:17:24.288 [http-nio-8080-exec-10] INFO  project_backend.aspect.AppAspect - User: admin | Chức năng: uploadDocument() | Thời gian thực hiện: 3476 ms
2026-09-25 14:17:24.312 [task-1] INFO  project_backend.service.impl.AsyncIngestProcessor - Processing ingest document 4
2026-09-25 14:17:24.312 [http-nio-8080-exec-10] INFO  project_backend.aspect.AppAspect - User: admin | Chức năng: ingestDocument() | Thời gian thực hiện: 3556 ms
2026-09-25 14:17:24.339 [http-nio-8080-exec-2] INFO  project_backend.aspect.AppAspect - User: Anonymous | Chức năng: isCheckBlacklist() | Thời gian thực hiện: 2 ms
2026-09-25 14:17:24.363 [http-nio-8080-exec-2] INFO  project_backend.aspect.AppAspect - User: admin | Chức năng: getDocuments() | Thời gian thực hiện: 7 ms
2026-09-25 14:17:27.450 [task-1] INFO  project_backend.service.impl.AsyncIngestProcessor - Document 4 has been processed
2026-09-25 14:17:27.450 [task-1] INFO  project_backend.aspect.AppAspect - User: Anonymous | Chức năng: processIngestDocument() | Thời gian thực hiện: 3138 ms
2026-09-25 14:17:33.189 [http-nio-8080-exec-4] INFO  project_backend.aspect.AppAspect - User: Anonymous | Chức năng: isCheckBlacklist() | Thời gian thực hiện: 3 ms
2026-09-25 14:17:33.189 [http-nio-8080-exec-3] INFO  project_backend.aspect.AppAspect - User: Anonymous | Chức năng: isCheckBlacklist() | Thời gian thực hiện: 3 ms
2026-09-25 14:17:33.197 [http-nio-8080-exec-3] INFO  project_backend.aspect.AppAspect - User: admin | Chức năng: getCurrentUser() | Thời gian thực hiện: 3 ms
2026-09-25 14:17:33.199 [http-nio-8080-exec-4] INFO  project_backend.aspect.AppAspect - User: admin | Chức năng: getDocuments() | Thời gian thực hiện: 5 ms
2026-09-25 14:17:33.207 [http-nio-8080-exec-1] INFO  project_backend.aspect.AppAspect - User: Anonymous | Chức năng: isCheckBlacklist() | Thời gian thực hiện: 1 ms
2026-09-25 14:17:33.208 [http-nio-8080-exec-5] INFO  project_backend.aspect.AppAspect - User: Anonymous | Chức năng: isCheckBlacklist() | Thời gian thực hiện: 1 ms
2026-09-25 14:17:33.213 [http-nio-8080-exec-1] INFO  project_backend.aspect.AppAspect - User: admin | Chức năng: getCurrentUser() | Thời gian thực hiện: 1 ms
2026-09-25 14:17:33.213 [http-nio-8080-exec-5] INFO  project_backend.aspect.AppAspect - User: admin | Chức năng: getDocuments() | Thời gian thực hiện: 0 ms
2026-09-25 14:22:32.305 [http-nio-8080-exec-7] INFO  project_backend.aspect.AppAspect - User: Anonymous | Chức năng: isCheckBlacklist() | Thời gian thực hiện: 2 ms
2026-09-25 14:22:32.352 [http-nio-8080-exec-7] INFO  project_backend.aspect.AppAspect - User: admin | Chức năng: blacklistToken() | Thời gian thực hiện: 14 ms
2026-09-25 14:22:32.355 [http-nio-8080-exec-7] INFO  project_backend.aspect.AppAspect - User: admin | Chức năng: blacklistToken() | Thời gian thực hiện: 1 ms
2026-09-25 14:22:32.355 [http-nio-8080-exec-7] INFO  project_backend.aspect.AppAspect - User: admin | Chức năng: logout() | Thời gian thực hiện: 43 ms
2026-09-25 14:22:39.372 [http-nio-8080-exec-8] INFO  project_backend.aspect.AppAspect - User: anonymousUser | Chức năng: login() | Thời gian thực hiện: 105 ms
2026-09-25 14:22:39.512 [http-nio-8080-exec-10] INFO  project_backend.aspect.AppAspect - User: Anonymous | Chức năng: isCheckBlacklist() | Thời gian thực hiện: 1 ms
2026-09-25 14:22:39.512 [http-nio-8080-exec-9] INFO  project_backend.aspect.AppAspect - User: Anonymous | Chức năng: isCheckBlacklist() | Thời gian thực hiện: 1 ms
2026-09-25 14:22:39.512 [http-nio-8080-exec-6] INFO  project_backend.aspect.AppAspect - User: Anonymous | Chức năng: isCheckBlacklist() | Thời gian thực hiện: 1 ms
2026-09-25 14:22:39.518 [http-nio-8080-exec-6] INFO  project_backend.aspect.AppAspect - User: test | Chức năng: getCurrentUser() | Thời gian thực hiện: 0 ms
2026-09-25 14:22:39.518 [http-nio-8080-exec-2] INFO  project_backend.aspect.AppAspect - User: Anonymous | Chức năng: isCheckBlacklist() | Thời gian thực hiện: 0 ms
2026-09-25 14:22:39.535 [http-nio-8080-exec-2] INFO  project_backend.aspect.AppAspect - User: test | Chức năng: getCurrentUser() | Thời gian thực hiện: 17 ms
2026-09-25 14:22:39.557 [http-nio-8080-exec-9] INFO  project_backend.aspect.AppAspect - User: test | Chức năng: getMyAttemptHistory() | Thời gian thực hiện: 39 ms
2026-09-25 14:22:39.560 [http-nio-8080-exec-10] INFO  project_backend.aspect.AppAspect - User: test | Chức năng: getTopRankings() | Thời gian thực hiện: 42 ms
2026-09-25 14:22:39.577 [http-nio-8080-exec-3] INFO  project_backend.aspect.AppAspect - User: Anonymous | Chức năng: isCheckBlacklist() | Thời gian thực hiện: 2 ms
2026-09-25 14:22:39.577 [http-nio-8080-exec-4] INFO  project_backend.aspect.AppAspect - User: Anonymous | Chức năng: isCheckBlacklist() | Thời gian thực hiện: 2 ms
2026-09-25 14:22:39.588 [http-nio-8080-exec-4] INFO  project_backend.aspect.AppAspect - User: test | Chức năng: getTopRankings() | Thời gian thực hiện: 6 ms
2026-09-25 14:22:39.590 [http-nio-8080-exec-3] INFO  project_backend.aspect.AppAspect - User: test | Chức năng: getMyAttemptHistory() | Thời gian thực hiện: 9 ms
2026-09-25 14:24:14.469 [http-nio-8080-exec-1] INFO  project_backend.aspect.AppAspect - User: Anonymous | Chức năng: isCheckBlacklist() | Thời gian thực hiện: 1 ms
2026-09-25 14:24:14.469 [http-nio-8080-exec-5] INFO  project_backend.aspect.AppAspect - User: Anonymous | Chức năng: isCheckBlacklist() | Thời gian thực hiện: 0 ms
2026-09-25 14:24:14.471 [http-nio-8080-exec-7] INFO  project_backend.aspect.AppAspect - User: Anonymous | Chức năng: isCheckBlacklist() | Thời gian thực hiện: 0 ms
2026-09-25 14:24:14.476 [http-nio-8080-exec-1] INFO  project_backend.aspect.AppAspect - User: test | Chức năng: getCurrentUser() | Thời gian thực hiện: 2 ms
2026-09-25 14:24:14.480 [http-nio-8080-exec-5] INFO  project_backend.aspect.AppAspect - User: test | Chức năng: getMyAttemptHistory() | Thời gian thực hiện: 6 ms
2026-09-25 14:24:14.481 [http-nio-8080-exec-7] INFO  project_backend.aspect.AppAspect - User: test | Chức năng: getTopRankings() | Thời gian thực hiện: 5 ms
2026-09-25 14:24:14.483 [http-nio-8080-exec-8] INFO  project_backend.aspect.AppAspect - User: Anonymous | Chức năng: isCheckBlacklist() | Thời gian thực hiện: 1 ms
2026-09-25 14:24:14.490 [http-nio-8080-exec-8] INFO  project_backend.aspect.AppAspect - User: test | Chức năng: getCurrentUser() | Thời gian thực hiện: 3 ms
2026-09-25 14:24:14.491 [http-nio-8080-exec-6] INFO  project_backend.aspect.AppAspect - User: Anonymous | Chức năng: isCheckBlacklist() | Thời gian thực hiện: 1 ms
2026-09-25 14:24:14.491 [http-nio-8080-exec-2] INFO  project_backend.aspect.AppAspect - User: Anonymous | Chức năng: isCheckBlacklist() | Thời gian thực hiện: 1 ms
2026-09-25 14:24:14.500 [http-nio-8080-exec-6] INFO  project_backend.aspect.AppAspect - User: test | Chức năng: getMyAttemptHistory() | Thời gian thực hiện: 5 ms
2026-09-25 14:24:14.501 [http-nio-8080-exec-2] INFO  project_backend.aspect.AppAspect - User: test | Chức năng: getTopRankings() | Thời gian thực hiện: 6 ms
2026-09-25 14:24:35.343 [http-nio-8080-exec-10] INFO  project_backend.aspect.AppAspect - User: Anonymous | Chức năng: isCheckBlacklist() | Thời gian thực hiện: 1 ms
2026-09-25 14:24:35.343 [http-nio-8080-exec-9] INFO  project_backend.aspect.AppAspect - User: Anonymous | Chức năng: isCheckBlacklist() | Thời gian thực hiện: 3 ms
2026-09-25 14:24:35.346 [http-nio-8080-exec-4] INFO  project_backend.aspect.AppAspect - User: Anonymous | Chức năng: isCheckBlacklist() | Thời gian thực hiện: 1 ms
2026-09-25 14:24:35.354 [http-nio-8080-exec-9] INFO  project_backend.aspect.AppAspect - User: test | Chức năng: getCurrentUser() | Thời gian thực hiện: 2 ms
2026-09-25 14:24:35.355 [http-nio-8080-exec-10] INFO  project_backend.aspect.AppAspect - User: test | Chức năng: getMyAttemptHistory() | Thời gian thực hiện: 5 ms
2026-09-25 14:24:35.355 [http-nio-8080-exec-4] INFO  project_backend.aspect.AppAspect - User: test | Chức năng: getTopRankings() | Thời gian thực hiện: 4 ms
2026-09-25 14:24:35.363 [http-nio-8080-exec-3] INFO  project_backend.aspect.AppAspect - User: Anonymous | Chức năng: isCheckBlacklist() | Thời gian thực hiện: 2 ms
2026-09-25 14:24:35.365 [http-nio-8080-exec-7] INFO  project_backend.aspect.AppAspect - User: Anonymous | Chức năng: isCheckBlacklist() | Thời gian thực hiện: 1 ms
2026-09-25 14:24:35.365 [http-nio-8080-exec-1] INFO  project_backend.aspect.AppAspect - User: Anonymous | Chức năng: isCheckBlacklist() | Thời gian thực hiện: 1 ms
2026-09-25 14:24:35.369 [http-nio-8080-exec-3] INFO  project_backend.aspect.AppAspect - User: test | Chức năng: getCurrentUser() | Thời gian thực hiện: 2 ms
2026-09-25 14:24:35.374 [http-nio-8080-exec-1] INFO  project_backend.aspect.AppAspect - User: test | Chức năng: getMyAttemptHistory() | Thời gian thực hiện: 5 ms
2026-09-25 14:24:35.374 [http-nio-8080-exec-7] INFO  project_backend.aspect.AppAspect - User: test | Chức năng: getTopRankings() | Thời gian thực hiện: 5 ms
2026-09-25 14:25:58.150 [http-nio-8080-exec-5] INFO  project_backend.aspect.AppAspect - User: Anonymous | Chức năng: isCheckBlacklist() | Thời gian thực hiện: 2 ms
2026-09-25 14:26:01.951 [http-nio-8080-exec-5] INFO  project_backend.aspect.AppAspect - User: test | Chức năng: chatWithContext() | Thời gian thực hiện: 3775 ms
2026-09-25 14:26:13.223 [http-nio-8080-exec-8] INFO  project_backend.aspect.AppAspect - User: Anonymous | Chức năng: isCheckBlacklist() | Thời gian thực hiện: 0 ms
2026-09-25 14:26:17.272 [http-nio-8080-exec-8] INFO  project_backend.aspect.AppAspect - User: test | Chức năng: chatWithContext() | Thời gian thực hiện: 4038 ms
2026-09-25 14:26:49.883 [http-nio-8080-exec-6] INFO  project_backend.aspect.AppAspect - User: Anonymous | Chức năng: isCheckBlacklist() | Thời gian thực hiện: 1 ms
2026-09-25 14:26:52.374 [http-nio-8080-exec-6] INFO  project_backend.aspect.AppAspect - User: test | Chức năng: chatWithContext() | Thời gian thực hiện: 2488 ms
